#,Rule Type,Template Correct Phrase,Template Error Phrase,Correct Phrase Syntactic Tags,Error Phrase Syntactic Tags,Requisite Syntactic Tags,Inserted,Modified,Preserved,Substituted,Deleted,
char1,Character,ませ,ます,"助動詞,*,特殊・マス,未然形,ます","動詞,自立,五段・サ行,基本形,ます","1,-1,1,1,1",[1],[],[],[],[1],
char2,Character,"し,ない","さ,ない","動詞,自立,サ変・スル,未然形,する,助動詞,*,特殊・ナイ,基本形,ない","副詞,助詞類接続,*,*,さ,形容詞,自立,形容詞・アウオ段,基本形,ない","1,0,0,1,1,0,0,0,0,1",[0],[],[],[],[0],
char3,Character,"し,ない","す,ない","動詞,自立,サ変・スル,未然形,する,助動詞,*,特殊・ナイ,基本形,ない","名詞,一般,*,*,す,形容詞,自立,形容詞・アウオ段,基本形,ない","0,0,0,1,1,0,0,0,0,0",[0],[],[],[],[0],
char4,Character,"し,なかっ","しま,なかっ","動詞,自立,サ変・スル,未然形,する,助動詞,*,特殊・ナイ,連用タ接続,ない","動詞,自立,五段・マ行,未然形,しむ,助動詞,*,特殊・ナイ,連用タ接続,ない","1,1,1,1,1,1,-1,1,0,1",[1],[],[],[],[],
char5,Character,"し,たく,ない","した,いない","動詞,自立,サ変・スル,連用形,する,助動詞,*,特殊・タイ,連用テ接続,たい,助動詞,*,特殊・ナイ,基本形,ない","名詞,一般,*,*,した,名詞,固有名詞,*,*,いない","1,0,0,0,1,1,0,0,1,1,0,0,0,0,1",[2],[],[],[],[2],
char6,Character,"し,ます","す,ます","動詞,自立,サ変・スル,連用形,する,助動詞,*,特殊・マス,基本形,ます","動詞,自立,サ変・スル,文語基本形,する,助動詞,*,特殊・マス,基本形,ます","1,0,0,1,0,1,0,-1,0,1",[],[],[],"[[0, 0]]",[],
char7,Character,食べる,"食,びる","動詞,自立,一段,基本形,食べる","名詞,一般,*,*,食,名詞,固有名詞,*,*,びる","1,0,1,0,0",[],[],"[[2, 2]]","[[1, 1]]",[],
char8,Character,"着,ない","着,ら,ない","動詞,自立,一段,未然形,着る,助動詞,*,特殊・ナイ,基本形,ない","名詞,サ変接続,*,*,着,名詞,接尾,*,*,ら,形容詞,自立,形容詞・アウオ段,基本形,ない","1,0,1,1,0,0,-1,0,0,1",[1],[],[],[],[],
char9,Character,"食べ,た","食べ,っ,た","動詞,自立,一段,連用形,食べる,助動詞,*,特殊・タ,基本形,た","動詞,自立,一段,連用形,食べる,動詞,非自立,五段・カ行促音便,連用タ接続,く,助動詞,*,特殊・タ,基本形,た","1,0,0,1,0,0,0,-1,-1,1",[2],[],[],[],[],
char10,Character,"食べ,たかっ,た","食べ,た,いかっ,た","動詞,自立,一段,連用形,食べる,助動詞,*,特殊・タイ,連用タ接続,たい,助動詞,*,特殊・タ,基本形,た","動詞,自立,一段,連用形,食べる,助動詞,*,特殊・タ,基本形,た,動詞,自立,五段・ラ行,連用タ接続,いかる,助動詞,*,特殊・タ,基本形,た","1,0,0,1,0,1,-1,1,1,1,1,-1,1,0,1",[3],[],"[[2, 2]]",[],[],
char11,Character,"食べ,て","食べ,って","動詞,自立,一段,連用形,食べる,助詞,接続助詞,*,*,て","動詞,自立,一段,連用形,食べる,助詞,格助詞,*,*,って","1,0,0,1,0,1,1,-1,-1,1",[2],[],[],[],[],
char12,Character,"急い,で","急,で","動詞,自立,五段・ガ行,連用タ接続,急ぐ,助詞,接続助詞,*,*,で","名詞,形容動詞語幹,*,*,急,助動詞,*,特殊・ダ,連用形,だ","1,0,0,1,0,1,1,-1,-1,0",[],[],[],[],[1],
char13,Character,"泳い,で","泳,んで","動詞,自立,五段・ガ行,連用タ接続,泳ぐ,助詞,接続助詞,*,*,で","名詞,固有名詞,*,*,泳,助詞,接続助詞,*,*,んで","1,0,0,1,0,1,1,-1,-1,1",[],[],[],"[[1, 1]]",[],
char14,Character,"聞い,た","聞,っ,た","動詞,自立,五段・カ行イ音便,連用タ接続,聞く,助動詞,*,特殊・タ,基本形,た","名詞,一般,*,*,*,動詞,非自立,五段・カ行促音便,連用タ接続,く,助動詞,*,特殊・タ,基本形,た","1,0,0,1,0,1,-1,1,0,1",[],[],[],"[[1, 1]]",[],
char15,Character,"聞い,て","聞,って","動詞,自立,五段・カ行イ音便,連用タ接続,聞く,助詞,接続助詞,*,*,て","名詞,固有名詞,*,*,*,助詞,格助詞,*,*,って","1,0,0,1,0,1,1,-1,-1,1",[],[],[],"[[1, 1]]",[],
char16,Character,"行き,まし,た","行き,また","動詞,自立,五段・カ行促音便,連用形,行く,助動詞,*,特殊・マス,連用形,ます,助動詞,*,特殊・タ,基本形,た","動詞,自立,五段・カ行促音便,連用形,行く,接続詞,*,*,*,また","1,0,0,1,0,1,-1,1,1,1,1,-1,1,1,1",[],[],[],[],[3],
char17,Character,"話し,て","話,って","動詞,自立,五段・サ行,連用形,話す,助詞,接続助詞,*,*,て","名詞,サ変接続,*,*,話,助詞,格助詞,*,*,って","1,0,0,1,0,1,1,-1,-1,1",[],[],[],"[[1, 1]]",[],
char18,Character,する,しる,"動詞,自立,五段・ラ行,基本形,する","動詞,自立,五段・ラ行,基本形,しる","1,0,0,1,1",[0],[],[],[],[0],
char19,Character,"分かっ,た","分か,た","動詞,自立,五段・ラ行,連用タ接続,分かる,助動詞,*,特殊・タ,基本形,た","名詞,サ変接続,*,*,分化,助動詞,*,特殊・タ,基本形,た","1,0,0,1,0,1,-1,1,0,0",[],[],[],[],[2],
char20,Character,"分かっ,て","分か,て","動詞,自立,五段・ラ行,連用タ接続,分かる,助詞,接続助詞,*,*,て","名詞,サ変接続,*,*,分化,助詞,接続助詞,*,*,て","1,0,0,1,0,1,1,-1,-1,1",[],[],[],[],[2],
char21,Character,"分かり,まし","分か,まし","動詞,自立,五段・ラ行,連用形,分かる,助動詞,*,特殊・マス,連用形,ます","動詞,自立,五段・ラ行,体言接続特殊２,分かる,助動詞,*,特殊・マス,連用形,ます","1,0,0,1,0,1,-1,1,0,1",[],[],[],[],[2],
char22,Character,なさい,"な,さり","動詞,自立,五段・ラ行特殊,連用形,なさる","助詞,終助詞,*,*,な,動詞,自立,五段・ラ行,連用形,さる","1,0,1,1,1",[],[],[],"[[2, 2]]",[],
char23,Character,いっしょ,いしょ,"名詞,一般,*,*,いっしょ","動詞,自立,サ変・−スル,未然ウ接続,いする","1,0,-1,-1,0",[],[],[],[],[1],
char24,Character,しゅう,"し,ゅ","名詞,一般,*,*,しゅう","動詞,自立,サ変・スル,連用形,する,名詞,一般,*,*,*","1,0,-1,-1,0",[],[],"[[1, 1]]",[],[2],
char25,Character,きょう,"き,ょ","名詞,副詞可能,*,*,きょう","動詞,自立,カ変・クル,連用形,くる,名詞,一般,*,*,*","1,0,-1,-1,0",[],[],"[[1, 1]]",[],[2],
char26,Character,"多く,の","多い,の","名詞,副詞可能,*,*,多く,助詞,連体化,*,*,の","形容詞,自立,形容詞・アウオ段,基本形,多い,助詞,終助詞,*,*,の","1,1,-1,-1,0,1,1,-1,-1,0",[1],[],[],[],[1],
char27,Character,"きれい,で","きれ,く,て","名詞,形容動詞語幹,*,*,きれい,助動詞,*,特殊・ダ,連用形,だ","動詞,自立,一段,連用形,きれる,動詞,非自立,カ変・クル,体言接続特殊２,くる,助詞,接続助詞,*,*,て","1,0,-1,-1,0,1,-1,1,1,1","[2, 3]",[],[],[],"[2, 3]",
char28,Character,"静か,だっ,た","静,かっ,た","名詞,形容動詞語幹,*,*,静か,助動詞,*,特殊・ダ,連用タ接続,だ,助動詞,*,特殊・タ,基本形,た","名詞,一般,*,*,静,動詞,自立,五段・ワ行促音便,連用タ接続,かう,助動詞,*,特殊・タ,基本形,た","1,0,-1,-1,0,1,-1,1,1,1,0,0,0,0,0",[],[],"[[1, 1]]",[],[2],
char29,Character,痛い,痛いい,"形容詞,自立,形容詞・アウオ段,基本形,痛い","形容詞,自立,形容詞・アウオ段,基本形,痛い","1,0,0,1,0",[2],[],"[[1, 1]]",[],[],
char30,Character,"なかっ,た","な,かた","形容詞,自立,形容詞・アウオ段,連用タ接続,ない,助動詞,*,特殊・タ,基本形,た","助動詞,*,特殊・ダ,体言接続,だ,名詞,非自立,*,*,かた","0,0,0,1,1,1,-1,0,0,1",[],[],[],[],[2],
char31,Character,よかっ,いかっ,"形容詞,自立,形容詞・アウオ段,連用タ接続,よい","動詞,自立,五段・ラ行,連用タ接続,いかる","1,0,0,1,1",[],[],[],"[[0, 0]]",[],
char32,Character,"低かっ,た","低か,た","形容詞,自立,形容詞・アウオ段,連用タ接続,低い,助動詞,*,特殊・タ,基本形,た","形容詞,自立,形容詞・アウオ段,連用タ接続,低い,助動詞,*,特殊・タ,基本形,た","1,0,0,1,0,1,-1,1,1,1",[],[],[],[],[2],
char33,Character,"よく,ない","いく,ない","形容詞,自立,形容詞・アウオ段,連用テ接続,よい,助動詞,*,特殊・ナイ,基本形,ない","動詞,自立,五段・カ行促音便,基本形,いく,形容詞,自立,形容詞・アウオ段,基本形,ない","0,0,0,1,1,1,-1,1,0,1",[0],[],[],[],[0],
char34,Character,"青く,て","青,で","形容詞,自立,形容詞・アウオ段,連用テ接続,青い,助詞,接続助詞,*,*,て","名詞,一般,*,*,青,助詞,格助詞,*,*,で","1,0,0,1,0,1,1,-1,-1,1",[1],[],[],[],"[1, 2]",
char35,Character,いい,い,"形容詞,自立,形容詞・イイ,基本形,いい","動詞,自立,一段,連用形,いる","1,0,0,0,1",[],[],[],[],[0],
char36,Character,ほしい,"ほう,しい","形容詞,自立,形容詞・イ段,基本形,ほしい","感動詞,*,*,*,ほう,動詞,自立,一段,連用形,しいる","1,0,0,0,1",[1],[],"[[0, 0]]",[],[],
char37,Character,この,"これ,の","連体詞,*,*,*,この","名詞,代名詞,*,*,これ,助詞,連体化,*,*,の","1,-1,-1,-1,0",[1],[],"[[2, 1]]",[],[],
char38,Character,小さな,"小さい,な","連体詞,*,*,*,小さな","形容詞,自立,形容詞・アウオ段,基本形,小さい,助詞,終助詞,*,*,な","1,0,0,0,0",[2],[],"[[3, 2]]",[],[],
token1,Token,"もう,本","もっと,本","副詞,一般,*,*,もう,名詞,一般,*,*,本","副詞,一般,*,*,もっと,名詞,一般,*,*,本","0,0,-1,-1,1,1,0,-1,-1,0",[0],[],"[[1, 1]]",[],[0],
token2,Token,"あまり,よく,ない","あまり,よい","副詞,助詞類接続,*,*,あまり,形容詞,自立,形容詞・アウオ段,連用テ接続,よい,助動詞,*,特殊・ナイ,基本形,ない","副詞,助詞類接続,*,*,あまり,形容詞,自立,形容詞・アウオ段,基本形,よい","1,1,-1,-1,1,0,0,0,0,0,0,-1,0,0,1",[],"[[1, 1]]","[[0, 0]]",[],[2],
token3,Token,"あまり,良く,なかっ,た","あまり,良かっ,た","副詞,助詞類接続,*,*,あまり,形容詞,自立,形容詞・アウオ段,連用テ接続,良い,助動詞,*,特殊・ナイ,連用タ接続,ない,助動詞,*,特殊・タ,基本形,た","副詞,助詞類接続,*,*,あまり,形容詞,自立,形容詞・アウオ段,連用タ接続,良い,助動詞,*,特殊・タ,基本形,た","1,1,-1,-1,0,0,0,0,0,0,0,-1,0,0,1,1,-1,1,0,1",[],"[[1, 1]]","[[0, 0], [2, 3]]",[],[2],
token4,Token,"どう,思う","どう,と,思う","副詞,助詞類接続,*,*,どう,動詞,自立,五段・ワ行促音便,基本形,思う","副詞,助詞類接続,*,*,どう,助詞,接続助詞,*,*,と,動詞,自立,五段・ワ行促音便,基本形,思う","1,1,-1,-1,1,1,1,0,0,0",[1],[],"[[0, 0], [2, 1]]",[],[],
token5,Token,"まっすぐ,行く","まっすぐ,で,行く","副詞,助詞類接続,*,*,まっすぐ,動詞,自立,五段・カ行促音便,基本形,行く","副詞,助詞類接続,*,*,まっすぐ,助詞,格助詞,*,*,で,動詞,自立,五段・カ行促音便,基本形,行く","1,0,-1,-1,0,1,0,0,0,0",[1],[],"[[0, 0], [2, 1]]",[],[],
token6,Token,"全然,味","全然,に,味","副詞,助詞類接続,*,*,全然,名詞,一般,*,*,味","副詞,助詞類接続,*,*,全然,助詞,副詞化,*,*,に,名詞,一般,*,*,味","1,1,-1,-1,0,1,0,-1,-1,0",[1],[],"[[0, 0], [2, 1]]",[],[],
token7,Token,"少し,買う","少し,も,買う","副詞,助詞類接続,*,*,少し,動詞,自立,五段・ワ行促音便,基本形,買う","副詞,助詞類接続,*,*,少し,助詞,係助詞,*,*,も,動詞,自立,五段・ワ行促音便,基本形,買う","1,0,0,0,0,1,0,0,0,0",[1],[],"[[0, 0], [2, 1]]",[],[],
token8,Token,"だ,と,思う","です,と,思う","助動詞,*,特殊・ダ,基本形,だ,助詞,格助詞,*,*,と,動詞,自立,五段・ワ行促音便,基本形,思う","助動詞,*,特殊・デス,基本形,です,助詞,格助詞,*,*,と,動詞,自立,五段・ワ行促音便,基本形,思う","1,-1,1,1,1,1,1,-1,-1,1,1,1,0,0,0",[0],[],"[[1, 1], [2, 2]]",[],[0],
token9,Token,"だっ,た","だ,た","助動詞,*,特殊・ダ,連用タ接続,だ,助動詞,*,特殊・タ,基本形,た","助動詞,*,特殊・ダ,基本形,だ,助動詞,*,特殊・タ,基本形,た","1,-1,1,1,1,1,-1,1,0,1",[],"[[0, 0]]","[[1, 1]]",[],[],
token10,Token,"だっ,た,と,思う","でし,た,と,思う","助動詞,*,特殊・ダ,連用タ接続,だ,助動詞,*,特殊・タ,基本形,た,助詞,格助詞,*,*,と,動詞,自立,五段・ワ行促音便,基本形,思う","助動詞,*,特殊・デス,連用形,です,助動詞,*,特殊・タ,基本形,た,助詞,格助詞,*,*,と,動詞,自立,五段・ワ行促音便,基本形,思う","1,-1,1,1,1,1,-1,1,1,1,1,1,-1,-1,1,1,1,0,0,0",[0],[],"[[1, 1], [2, 2], [3, 3]]",[],[0],
token11,Token,です,"に,です","助動詞,*,特殊・デス,基本形,です","助詞,格助詞,*,*,に,助動詞,*,特殊・デス,基本形,です","1,-1,1,0,1",[0],[],"[[1, 0]]",[],[],
token12,Token,"でしょ,う","でしょ,う,です","助動詞,*,特殊・デス,未然形,です,助動詞,*,不変化型,基本形,う","助動詞,*,特殊・デス,未然形,です,助動詞,*,不変化型,基本形,う,助動詞,*,特殊・デス,基本形,です","1,-1,1,1,1,1,-1,1,1,1",[2],[],"[[0, 0], [1, 1]]",[],[],
token13,Token,"でし,た","だっ,た,です","助動詞,*,特殊・デス,連用形,です,助動詞,*,特殊・タ,基本形,た","助動詞,*,特殊・ダ,連用タ接続,だ,助動詞,*,特殊・タ,基本形,た,助動詞,*,特殊・デス,基本形,です","1,-1,1,1,1,1,-1,1,0,1","[0, 2]",[],"[[1, 1]]",[],[0],
token14,Token,なかっ,"ない,だっ","助動詞,*,特殊・ナイ,連用タ接続,ない","助動詞,*,特殊・ナイ,基本形,ない,助動詞,*,特殊・ダ,連用タ接続,だ","0,-1,0,1,1",[1],"[[0, 0]]",[],[],[],
token15,Token,"なかっ,た,です","ない,でし,た","助動詞,*,特殊・ナイ,連用タ接続,ない,助動詞,*,特殊・タ,基本形,た,助動詞,*,特殊・デス,基本形,です","助動詞,*,特殊・ナイ,基本形,ない,助動詞,*,特殊・デス,連用形,です,助動詞,*,特殊・タ,基本形,た","0,-1,0,1,0,1,-1,1,0,1,1,0,1,1,1",[],"[[0, 0], [1, 2]]","[[2, 1]]",[],[],
token16,Token,ます,"ます,です","助動詞,*,特殊・マス,基本形,ます","名詞,一般,*,*,ます,助動詞,*,特殊・デス,基本形,です","1,-1,1,1,1",[1],[],"[[0, 0]]",[],[],
token17,Token,"ませ,ん","ませ,ん,です","助動詞,*,特殊・マス,未然形,ます,助動詞,*,不変化型,基本形,ん","助動詞,*,特殊・マス,未然形,ます,助動詞,*,不変化型,基本形,ん,助動詞,*,特殊・デス,基本形,です","1,-1,1,1,1,1,-1,1,1,1",[2],[],"[[0, 0], [1, 1]]",[],[],
token18,Token,"しか,食べ,ない","しか,食べる","助詞,係助詞,*,*,しか,動詞,自立,一段,未然形,食べる,助動詞,*,特殊・ナイ,基本形,ない","助詞,係助詞,*,*,しか,動詞,自立,一段,基本形,食べる","1,1,-1,-1,1,1,0,0,1,0,1,-1,1,1,1",[],"[[1, 1]]","[[0, 0]]",[],[2],
token19,Token,"しか,い","だけ,い","助詞,係助詞,*,*,しか,動詞,自立,一段,連用形,いる","動詞,自立,一段,連用形,だける,動詞,非自立,一段,連用形,いる","0,0,-1,-1,1,1,0,0,1,0",[0],[],"[[1, 1]]",[],[0],
token20,Token,"しか,話さ","だけ,話さ","助詞,係助詞,*,*,しか,動詞,自立,五段・サ行,未然形,話す","助詞,副助詞,*,*,だけ,動詞,自立,五段・サ行,未然形,話す","0,0,-1,-1,1,1,0,0,1,0",[0],[],"[[1, 1]]",[],[0],
token21,Token,"は,足,が,小さい","は,小さい,足","助詞,係助詞,*,*,は,名詞,一般,*,*,足,助詞,格助詞,*,*,が,形容詞,自立,形容詞・アウオ段,基本形,小さい","助詞,係助詞,*,*,は,形容詞,自立,形容詞・アウオ段,基本形,小さい,名詞,一般,*,*,足","1,1,-1,-1,1,0,0,0,0,0,1,0,-1,-1,1,1,0,0,0,0",[],[],"[[0, 0], [1, 3], [2, 1]]",[],[2],
token22,Token,"かも,しれ","かも,わかり","助詞,副助詞,*,*,かも,動詞,自立,一段,連用形,しれる","名詞,一般,*,*,かも,名詞,一般,*,*,分り","0,0,-1,-1,0,1,1,1,1,1",[1],"[[0, 0]]",[],[],[1],
token23,Token,"て,い,ます","て,です","助詞,接続助詞,*,*,て,動詞,非自立,一段,連用形,いる,助動詞,*,特殊・マス,基本形,ます","助詞,接続助詞,*,*,て,助動詞,*,特殊・デス,基本形,です","0,0,-1,-1,1,1,1,1,1,1,1,-1,1,0,1",[],[],"[[0, 0]]","[[1, 2]]",[1],
token24,Token,"て,いっ,て","て,あっ,て","助詞,接続助詞,*,*,て,動詞,非自立,五段・カ行促音便,連用タ接続,いく,助詞,接続助詞,*,*,て","助詞,接続助詞,*,*,て,動詞,非自立,五段・ラ行,連用タ接続,ある,助詞,接続助詞,*,*,て","1,1,-1,-1,0,1,1,0,1,1,0,0,0,0,0",[],[],"[[0, 0], [2, 2]]","[[1, 1]]",[],
token25,Token,"て,ください","て,を,ください","助詞,接続助詞,*,*,て,動詞,非自立,五段・ラ行特殊,命令ｉ,くださる","助詞,接続助詞,*,*,て,助詞,格助詞,*,*,を,動詞,自立,五段・ラ行特殊,連用形,くださる","1,0,-1,-1,1,1,0,0,0,0",[1],[],"[[0, 0], [2, 1]]",[],[],
token26,Token,ので,で,"助詞,接続助詞,*,*,ので","接続詞,*,*,*,で","1,0,-1,-1,1",[0],[],[],[],[0],
token27,Token,"が,見える","が,見る","助詞,格助詞,*,*,が,動詞,自立,一段,基本形,見える","助詞,格助詞,*,*,が,動詞,自立,一段,基本形,見る","1,1,0,0,-1,1,0,1,0,1",[],[],"[[0, 0]]","[[1, 1]]",[],
token28,Token,"が,ない","が,あら,ない","助詞,格助詞,*,*,が,形容詞,自立,形容詞・アウオ段,基本形,ない","助詞,格助詞,*,*,が,動詞,自立,五段・ラ行,未然形,ある,助動詞,*,特殊・ナイ,基本形,ない","0,0,-1,-1,0,0,0,0,0,1",[1],[],"[[0, 0], [2, 1]]",[],[],
token29,Token,"と,言う","は,言う","助詞,格助詞,*,*,と,動詞,自立,五段・ワ行促音便,基本形,言う","助詞,係助詞,*,*,は,動詞,自立,五段・ワ行促音便,基本形,言う","1,1,-1,-1,1,1,1,0,0,1",[0],[],"[[1, 1]]",[],[0],
token30,Token,"という,街","という,の,街","助詞,格助詞,*,*,という,名詞,一般,*,*,街","助詞,格助詞,*,*,という,助詞,連体化,*,*,の,名詞,一般,*,*,街","1,1,-1,-1,1,1,0,-1,-1,0",[1],[],"[[0, 0], [2, 1]]",[],[],
token31,Token,"へ,行く","を,行く","助詞,格助詞,*,*,へ,動詞,自立,五段・カ行促音便,基本形,行く","助詞,格助詞,*,*,を,動詞,自立,五段・カ行促音便,基本形,行く","1,1,-1,-1,1,1,1,0,0,0",[0],[],"[[1, 1]]",[],[0],
token32,Token,"へ,行く","が,行く","助詞,格助詞,*,*,へ,動詞,自立,五段・カ行促音便,基本形,行く","助詞,格助詞,*,*,が,動詞,自立,五段・カ行促音便,基本形,行く","1,0,-1,-1,1,1,0,0,0,0",[0],[],"[[1, 1]]",[],[0],
token33,Token,"へ,行く","で,行く","助詞,格助詞,*,*,へ,動詞,自立,五段・カ行促音便,基本形,行く","助詞,格助詞,*,*,で,動詞,自立,五段・カ行促音便,基本形,行く","1,0,-1,-1,1,1,0,0,0,0",[0],[],"[[1, 1]]",[],[0],
token34,Token,"へ,行く","と,行く","助詞,格助詞,*,*,へ,動詞,自立,五段・カ行促音便,基本形,行く","助詞,格助詞,*,*,と,動詞,自立,五段・カ行促音便,基本形,行く","0,0,0,0,1,1,0,0,0,0",[0],[],"[[1, 1]]",[],[0],
token35,Token,"へ,行く","は,行く","助詞,格助詞,*,*,へ,動詞,自立,五段・カ行促音便,基本形,行く","助詞,格助詞,*,*,は,動詞,自立,五段・カ行促音便,基本形,行く","1,1,-1,-1,1,1,1,0,0,0",[0],[],"[[1, 1]]",[],[0],
token36,Token,"の,本,は,安い","は,安い,本","助詞,連体化,*,*,の,名詞,一般,*,*,本,助詞,係助詞,*,*,は,形容詞,自立,形容詞・アウオ段,基本形,安い","助詞,係助詞,*,*,は,形容詞,自立,形容詞・アウオ段,基本形,安い,名詞,一般,*,*,本","1,1,-1,-1,1,1,0,-1,-1,0,1,1,-1,-1,1,1,0,0,1,0",[],[],"[[0, 2], [1, 3], [2, 1]]",[],[0],
token37,Token,"の,中,に","の,中,で","助詞,連体化,*,*,の,名詞,非自立,*,*,中,助詞,格助詞,*,*,に","助詞,連体化,*,*,の,名詞,非自立,*,*,中,助詞,格助詞,*,*,で","1,1,-1,-1,0,1,0,0,0,0,1,0,-1,-1,1",[2],[],"[[0, 0], [1, 1]]",[],[2],
token38,Token,"の,広,さ","の,広い","助詞,連体化,*,*,の,形容詞,自立,形容詞・アウオ段,ガル接続,広い,名詞,接尾,*,*,さ","助詞,格助詞,*,*,の,形容詞,自立,形容詞・アウオ段,基本形,広い","1,1,-1,-1,1,1,0,0,1,0,1,1,-1,-1,1",[],"[[1, 1]]","[[0, 0]]",[],[2],
token39,Token,"する,です","し,ます,です","動詞,自立,サ変・スル,基本形,する,助動詞,*,特殊・デス,基本形,です","動詞,自立,サ変・スル,連用形,する,助動詞,*,特殊・マス,基本形,ます,助動詞,*,特殊・デス,基本形,です","1,0,0,1,0,1,0,1,0,1",[1],"[[0, 0]]","[[2, 1]]",[],[],
token40,Token,"する,と,言う","し,ます,と,言う","動詞,自立,サ変・スル,基本形,する,助詞,格助詞,*,*,と,動詞,自立,五段・ワ行促音便,基本形,言う","動詞,自立,サ変・スル,連用形,する,助動詞,*,特殊・マス,基本形,ます,助詞,格助詞,*,*,と,動詞,自立,五段・ワ行促音便,基本形,言う","1,0,0,1,0,1,1,-1,-1,1,1,0,0,0,0",[1],"[[0, 0]]","[[2, 1], [3, 2]]",[],[],
token41,Token,"する,こと,が","する,が","動詞,自立,サ変・スル,基本形,する,名詞,非自立,*,*,こと,助詞,格助詞,*,*,が","動詞,自立,サ変・スル,基本形,する,助詞,接続助詞,*,*,が","1,0,0,0,0,1,1,-1,-1,1,0,0,-1,-1,1",[],[],"[[0, 0], [1, 2]]",[],[1],
token42,Token,"さ,せ,て,いただく","し,て,いただく","動詞,自立,サ変・スル,未然レル接続,する,動詞,接尾,一段,連用形,せる,助詞,接続助詞,*,*,て,動詞,非自立,五段・カ行イ音便,基本形,いただく","動詞,自立,サ変・スル,連用形,する,助詞,接続助詞,*,*,て,動詞,非自立,五段・カ行イ音便,基本形,いただく","1,0,0,1,1,0,0,0,0,1,0,0,0,0,1,1,0,0,0,0",[0],[],"[[1, 2], [2, 3]]",[],"[0, 1]",
token43,Token,"し,た,ん,だ","し,た,ん,でし,た","動詞,自立,サ変・スル,連用形,する,助動詞,*,特殊・タ,基本形,た,名詞,非自立,*,*,ん,助動詞,*,特殊・ダ,基本形,だ","動詞,自立,サ変・スル,連用形,する,助動詞,*,特殊・タ,基本形,た,名詞,非自立,*,*,ん,助動詞,*,特殊・デス,連用形,です,助動詞,*,特殊・タ,基本形,た","1,0,0,1,0,1,-1,1,1,1,1,1,-1,-1,1,1,-1,1,1,1","[3, 4]",[],"[[0, 0], [1, 1], [2, 2]]",[],[3],
token44,Token,"し,た,ん,です","し,た,ん,でし,た","動詞,自立,サ変・スル,連用形,する,助動詞,*,特殊・タ,基本形,た,名詞,非自立,*,*,ん,助動詞,*,特殊・デス,基本形,です","動詞,自立,サ変・スル,連用形,する,助動詞,*,特殊・タ,基本形,た,名詞,非自立,*,*,ん,助動詞,*,特殊・デス,連用形,です,助動詞,*,特殊・タ,基本形,た","1,0,0,1,0,1,-1,1,1,1,1,1,-1,-1,1,1,-1,1,1,1","[3, 4]",[],"[[0, 0], [1, 1], [2, 2]]",[],[3],
token45,Token,"し,ませ,ん,でし,た","し,なかっ,た,でし,た","動詞,自立,サ変・スル,連用形,する,助動詞,*,特殊・マス,未然形,ます,助動詞,*,不変化型,基本形,ん,助動詞,*,特殊・デス,連用形,です,助動詞,*,特殊・タ,基本形,た","動詞,自立,サ変・スル,未然形,する,助動詞,*,特殊・ナイ,連用タ接続,ない,助動詞,*,特殊・タ,基本形,た,助動詞,*,特殊・デス,連用形,です,助動詞,*,特殊・タ,基本形,た","1,0,0,0,0,1,-1,0,0,1,1,-1,0,0,1,1,-1,0,0,1,0,0,0,0,1","[1, 2]",[],"[[0, 0], [3, 3], [4, 4]]",[],"[1, 2]",
token46,Token,"いる,です","い,て,です","動詞,自立,一段,基本形,いる,助動詞,*,特殊・デス,基本形,です","動詞,自立,一段,連用形,いる,助詞,接続助詞,*,*,て,助動詞,*,特殊・デス,基本形,です","1,0,0,1,0,1,-1,1,0,1",[1],"[[0, 0]]","[[2, 1]]",[],[],
token47,Token,"変える,前","変え,て,前","動詞,自立,一段,基本形,変える,名詞,副詞可能,*,*,前","動詞,自立,一段,連用形,変える,助詞,接続助詞,*,*,て,名詞,副詞可能,*,*,前","1,0,0,1,0,1,1,-1,-1,0",[1],"[[0, 0]]","[[2, 1]]",[],[],
token48,Token,"変える,前","変え,た,前","動詞,自立,一段,基本形,変える,名詞,副詞可能,*,*,前","動詞,自立,一段,連用形,変える,助動詞,*,特殊・タ,基本形,た,名詞,副詞可能,*,*,前","1,0,0,1,0,1,1,-1,-1,0",[1],"[[0, 0]]","[[2, 1]]",[],[],
token49,Token,"見る,こと,だ","見る,だ","動詞,自立,一段,基本形,見る,名詞,非自立,*,*,こと,助動詞,*,特殊・ダ,基本形,だ","動詞,自立,一段,基本形,見る,助動詞,*,特殊・ダ,基本形,だ","1,0,0,1,0,1,1,-1,-1,1,1,-1,1,1,1",[],[],"[[0, 0], [1, 2]]",[],[1],
token50,Token,"見る,こと,だ","見,ます","動詞,自立,一段,基本形,見る,名詞,非自立,*,*,こと,助動詞,*,特殊・ダ,基本形,だ","動詞,自立,一段,連用形,見る,助動詞,*,特殊・マス,基本形,ます","1,0,0,1,0,1,1,-1,-1,1,1,-1,1,0,1",[1],"[[0, 0]]",[],[],"[1, 2]",
token51,Token,"見る,こと,です","見る,です","動詞,自立,一段,基本形,見る,名詞,非自立,*,*,こと,助動詞,*,特殊・デス,基本形,です","動詞,自立,一段,基本形,見る,助動詞,*,特殊・デス,基本形,です","1,0,0,1,0,1,1,-1,-1,1,1,-1,1,0,1",[],[],"[[0, 0], [1, 2]]",[],[1],
token52,Token,"見る,こと,です","見,ます","動詞,自立,一段,基本形,見る,名詞,非自立,*,*,こと,助動詞,*,特殊・デス,基本形,です","動詞,自立,一段,連用形,見る,助動詞,*,特殊・マス,基本形,ます","1,0,0,1,0,1,1,-1,-1,1,1,-1,1,0,1",[],"[[0, 0]]",[],"[[1, 2]]",[1],
token53,Token,"見る,の,だ","見る,だ","動詞,自立,一段,基本形,見る,名詞,非自立,*,*,の,助動詞,*,特殊・ダ,基本形,だ","動詞,自立,一段,基本形,見る,助動詞,*,特殊・ダ,基本形,だ","1,0,0,1,0,1,1,-1,-1,1,1,-1,1,0,0",[],[],"[[0, 0], [1, 2]]",[],[1],
token54,Token,"見る,の,です","見る,です","動詞,自立,一段,基本形,見る,名詞,非自立,*,*,の,助動詞,*,特殊・デス,基本形,です","動詞,自立,一段,基本形,見る,助動詞,*,特殊・デス,基本形,です","1,0,0,1,0,1,1,-1,-1,1,1,-1,1,0,1",[],[],"[[0, 0], [1, 2]]",[],[1],
token55,Token,"降りる,かも","降り,ます,かも","動詞,自立,一段,基本形,降りる,助詞,副助詞,*,*,かも","動詞,自立,一段,連用形,降りる,助動詞,*,特殊・マス,基本形,ます,助詞,副助詞,*,*,かも","1,0,0,1,0,1,1,-1,-1,1",[1],"[[0, 0]]","[[2, 1]]",[],[],
token56,Token,"食べる,こと,が,出来る","食べる,出来る","動詞,自立,一段,基本形,食べる,名詞,非自立,*,*,こと,助詞,格助詞,*,*,が,動詞,自立,一段,基本形,出来る","動詞,自立,一段,基本形,食べる,動詞,自立,一段,基本形,出来る","1,0,0,1,0,0,0,-1,-1,1,0,0,-1,-1,1,1,0,0,0,0",[],"[[0, 0]]","[[1, 3]]",[],"[1, 2]",
token57,Token,"食べる,こと,が,出来る","食べ,て,出来る","動詞,自立,一段,基本形,食べる,名詞,非自立,*,*,こと,助詞,格助詞,*,*,が,動詞,自立,一段,基本形,出来る","動詞,自立,一段,連用形,食べる,助詞,接続助詞,*,*,て,動詞,自立,一段,基本形,出来る","1,0,0,1,0,0,0,-1,-1,1,0,0,-1,-1,1,1,0,0,0,0",[1],"[[0, 0]]","[[2, 3]]",[],"[1, 2]",
token58,Token,"始めよ,う","始める,よう","動詞,自立,一段,未然ウ接続,始める,助動詞,*,不変化型,基本形,う","動詞,自立,一段,基本形,始める,名詞,非自立,*,*,よう","1,0,0,1,0,1,-1,1,1,1",[1],"[[0, 0]]",[],[],[1],
token59,Token,"感じ,られ,ない","感じ,ら,ない","動詞,自立,一段,未然形,感じる,動詞,接尾,一段,未然形,られる,助動詞,*,特殊・ナイ,基本形,ない","動詞,自立,一段,未然形,感じる,名詞,接尾,*,*,ら,形容詞,自立,形容詞・アウオ段,基本形,ない","1,0,0,1,0,1,1,1,1,1,1,-1,1,0,1",[1],[],"[[0, 0], [2, 2]]",[],[1],
token60,Token,"見え,なく,なる","見え,ない,に,なる","動詞,自立,一段,未然形,見える,助動詞,*,特殊・ナイ,連用テ接続,ない,動詞,自立,五段・ラ行,基本形,なる","動詞,自立,一段,未然形,見える,助動詞,*,特殊・ナイ,基本形,ない,助詞,格助詞,*,*,に,動詞,自立,五段・ラ行,基本形,なる","1,0,0,1,0,1,-1,1,1,1,1,0,0,0,0",[2],"[[1, 1]]","[[0, 0], [3, 2]]",[],[],
token61,Token,"食べ,なく,て","食べ,ない,で","動詞,自立,一段,未然形,食べる,助動詞,*,特殊・ナイ,連用テ接続,ない,助詞,接続助詞,*,*,て","動詞,自立,一段,未然形,食べる,助動詞,*,特殊・ナイ,連用デ接続,ない,助詞,接続助詞,*,*,で","1,0,0,1,0,1,-1,1,1,1,1,1,-1,-1,1",[1],[],"[[0, 0]]","[[2, 2]]",[1],
token62,Token,"食べ,ない,で","食べ,なく,て","動詞,自立,一段,未然形,食べる,助動詞,*,特殊・ナイ,連用デ接続,ない,助詞,接続助詞,*,*,で","動詞,自立,一段,未然形,食べる,助動詞,*,特殊・ナイ,連用テ接続,ない,助詞,接続助詞,*,*,て","1,0,0,1,0,1,-1,1,1,1,1,1,-1,-1,1",[1],[],"[[0, 0]]","[[2, 2]]",[1],
token63,Token,"食べ,られ,ます","食べる,で,き,ます","動詞,自立,一段,未然形,食べる,動詞,接尾,一段,連用形,られる,助動詞,*,特殊・マス,基本形,ます","動詞,自立,一段,基本形,食べる,助詞,接続助詞,*,*,で,動詞,非自立,カ変・クル,連用形,くる,助動詞,*,特殊・マス,基本形,ます","1,0,0,1,0,1,1,1,1,1,1,-1,1,0,1","[1, 2]","[[0, 0]]","[[3, 2]]",[],[1],
token64,Token,"あげ,て,ください","あげ,ます,ください","動詞,自立,一段,連用形,あげる,助詞,接続助詞,*,*,て,動詞,非自立,五段・ラ行特殊,命令ｉ,くださる","動詞,自立,一段,連用形,あげる,助動詞,*,特殊・マス,基本形,ます,動詞,非自立,五段・ラ行特殊,命令ｉ,くださる","1,0,0,0,0,1,1,-1,-1,1,1,0,0,0,0",[1],[],"[[0, 0], [2, 2]]",[],[1],
token65,Token,"借り,に,行く","借りる,の,に,行く","動詞,自立,一段,連用形,借りる,助詞,格助詞,*,*,に,動詞,自立,五段・カ行促音便,基本形,行く","動詞,自立,一段,基本形,借りる,名詞,非自立,*,*,の,助詞,格助詞,*,*,に,動詞,自立,五段・カ行促音便,基本形,行く","1,0,0,1,0,1,1,-1,-1,1,1,0,0,0,0",[1],"[[0, 0]]","[[2, 1], [3, 2]]",[],[],
token66,Token,"変え,て","変え,まし,て","動詞,自立,一段,連用形,変える,助詞,接続助詞,*,*,て","動詞,自立,一段,連用形,変える,助動詞,*,特殊・マス,連用形,ます,助詞,接続助詞,*,*,て","1,0,0,1,0,1,1,-1,-1,1",[1],[],"[[0, 0], [2, 1]]",[],[],
token67,Token,"忘れ,て,しまう","忘れる,しまう","動詞,自立,一段,連用形,忘れる,助詞,接続助詞,*,*,て,動詞,非自立,五段・ワ行促音便,基本形,しまう","動詞,自立,一段,基本形,忘れる,動詞,非自立,五段・ワ行促音便,基本形,しまう","1,0,0,1,0,1,1,-1,-1,1,1,1,0,0,0",[],"[[0, 0]]","[[1, 2]]",[],[1],
token68,Token,"捨て,て,は","捨てる,は","動詞,自立,一段,連用形,捨てる,助詞,接続助詞,*,*,て,助詞,係助詞,*,*,は","動詞,自立,一段,基本形,捨てる,助詞,係助詞,*,*,は","1,0,0,1,0,1,1,-1,-1,1,1,1,-1,-1,1",[],"[[0, 0]]","[[1, 2]]",[],[1],
token69,Token,"汚れ,て,いる,服","汚れる,服","動詞,自立,一段,連用形,汚れる,助詞,接続助詞,*,*,て,動詞,非自立,一段,基本形,いる,名詞,一般,*,*,服","動詞,自立,一段,基本形,汚れる,名詞,一般,*,*,服","1,0,0,0,0,1,1,-1,-1,1,1,1,1,1,1,1,1,-1,-1,0",[],"[[0, 0]]","[[1, 3]]",[],"[1, 2]",
token70,Token,"考え,て,も","考える,と","動詞,自立,一段,連用形,考える,助詞,接続助詞,*,*,て,助詞,係助詞,*,*,も","動詞,自立,一段,基本形,考える,助詞,接続助詞,*,*,と","1,0,0,0,0,1,1,-1,-1,0,1,1,-1,-1,1",[1],"[[0, 0]]",[],[],"[1, 2]",
token71,Token,"見,た","見,た,でし,た","動詞,自立,一段,連用形,見る,助動詞,*,特殊・タ,基本形,た","動詞,自立,一段,連用形,見る,助動詞,*,特殊・タ,基本形,た,助動詞,*,特殊・デス,連用形,です,助動詞,*,特殊・タ,基本形,た","1,0,0,1,0,1,-1,1,0,1","[1, 2]",[],"[[0, 0], [3, 1]]",[],[],
token72,Token,"見,て,は,いけ","見る,は,いけ","動詞,自立,一段,連用形,見る,助詞,接続助詞,*,*,て,助詞,係助詞,*,*,は,動詞,非自立,一段,連用形,いける","動詞,自立,一段,基本形,見る,助詞,係助詞,*,*,は,動詞,非自立,一段,連用形,いける","1,0,0,0,0,1,1,-1,-1,1,1,1,-1,-1,1,1,0,0,0,0",[],"[[0, 0]]","[[1, 2], [2, 3]]",[],[1],
token73,Token,"見,ながら","見,て,ながら","動詞,自立,一段,連用形,見る,助詞,接続助詞,*,*,ながら","動詞,自立,一段,連用形,見る,助詞,接続助詞,*,*,て,助詞,接続助詞,*,*,ながら","1,0,0,1,0,1,1,-1,-1,0",[1],[],"[[0, 0], [2, 1]]",[],[],
token74,Token,"食べ,た","食べ,た,です","動詞,自立,一段,連用形,食べる,助動詞,*,特殊・タ,基本形,た","動詞,自立,一段,連用形,食べる,助動詞,*,特殊・タ,基本形,た,助動詞,*,特殊・デス,基本形,です","1,0,0,1,0,1,-1,1,1,1",[2],[],"[[0, 0], [1, 1]]",[],[],
token75,Token,"食べ,た,こと","食べ,まし,た,こと","動詞,自立,一段,連用形,食べる,助動詞,*,特殊・タ,基本形,た,名詞,非自立,*,*,こと","動詞,自立,一段,連用形,食べる,助動詞,*,特殊・マス,連用形,ます,助動詞,*,特殊・タ,基本形,た,名詞,非自立,*,*,こと","1,0,0,1,0,1,-1,1,1,1,1,0,-1,-1,0",[1],"[[0, 0]]","[[2, 1], [3, 2]]",[],[],
token76,Token,"食べ,た,後","食べる,後","動詞,自立,一段,連用形,食べる,助動詞,*,特殊・タ,基本形,た,名詞,非自立,*,*,後","動詞,自立,一段,基本形,食べる,名詞,非自立,*,*,後","1,0,0,1,0,1,-1,1,1,1,1,0,-1,-1,0",[],"[[0, 0]]","[[1, 2]]",[],[1],
token77,Token,"食べ,ませ,ん","食べ,じゃ,ない","動詞,自立,一段,連用形,食べる,助動詞,*,特殊・マス,未然形,ます,助動詞,*,不変化型,基本形,ん","動詞,自立,一段,連用形,食べる,助詞,副助詞,*,*,じゃ,助動詞,*,特殊・ナイ,基本形,ない","1,0,0,0,0,0,-1,0,1,1,0,-1,0,1,1","[1, 2]",[],"[[0, 0]]",[],"[1, 2]",
token78,Token,"食べ,まし,た","食べ,た,でし,た","動詞,自立,一段,連用形,食べる,助動詞,*,特殊・マス,連用形,ます,助動詞,*,特殊・タ,基本形,た","動詞,自立,一段,連用形,食べる,助動詞,*,特殊・タ,基本形,た,助動詞,*,特殊・デス,連用形,です,助動詞,*,特殊・タ,基本形,た","1,0,0,0,0,1,-1,1,1,1,1,-1,0,0,1",[1],[],"[[0, 0], [3, 2]]","[[2, 1]]",[],
token79,Token,"食べ,まし,た","食べ,た,まし,た","動詞,自立,一段,連用形,食べる,助動詞,*,特殊・マス,連用形,ます,助動詞,*,特殊・タ,基本形,た","動詞,自立,一段,連用形,食べる,助動詞,*,特殊・タ,基本形,た,助動詞,*,特殊・マス,連用形,ます,助動詞,*,特殊・タ,基本形,た","1,0,0,1,0,1,-1,1,1,1,1,-1,1,0,1",[1],[],"[[0, 0], [2, 1], [3, 2]]",[],[],
token80,Token,"食べ,て,は","食べ,て,も","動詞,自立,一段,連用形,食べる,助詞,接続助詞,*,*,て,助詞,係助詞,*,*,は","動詞,自立,一段,連用形,食べる,助詞,接続助詞,*,*,て,助詞,係助詞,*,*,も","1,0,0,0,0,1,1,-1,-1,1,1,1,-1,-1,1",[2],[],"[[0, 0], [1, 1]]",[],[2],
token81,Token,"食べ,て,ほしい","食べ,ほしい","動詞,自立,一段,連用形,食べる,助詞,接続助詞,*,*,て,形容詞,非自立,形容詞・イ段,基本形,ほしい","動詞,自立,一段,連用形,食べる,形容詞,非自立,形容詞・イ段,基本形,ほしい","1,0,0,0,0,1,1,-1,-1,1,1,0,0,0,0",[],[],"[[0, 0], [1, 2]]",[],[1],
token82,Token,"食べ,て,、,行く","食べる,、,行く","動詞,自立,一段,連用形,食べる,助詞,接続助詞,*,*,て,記号,読点,*,*,、,動詞,自立,五段・カ行促音便,基本形,行く","動詞,自立,一段,基本形,食べる,記号,読点,*,*,、,動詞,自立,五段・カ行促音便,基本形,行く","1,0,0,1,0,1,0,-1,-1,1,1,1,-1,-1,1,0,0,0,0,0",[],"[[0, 0]]","[[1, 2], [2, 3]]",[],[1],
token83,Token,"食べ,て,、,行く","食べ,た,、,行く","動詞,自立,一段,連用形,食べる,助詞,接続助詞,*,*,て,記号,読点,*,*,、,動詞,自立,五段・カ行促音便,基本形,行く","動詞,自立,一段,連用形,食べる,助動詞,*,特殊・タ,基本形,た,記号,読点,*,*,、,動詞,自立,五段・カ行促音便,基本形,行く","1,0,0,0,0,1,0,-1,-1,1,1,1,-1,-1,1,0,0,0,0,0",[1],[],"[[0, 0], [2, 2], [3, 3]]",[],[1],2050
token84,Token,"食べ,に,行く","食べる,行く","動詞,自立,一段,連用形,食べる,助詞,格助詞,*,*,に,動詞,自立,五段・カ行促音便,基本形,行く","動詞,自立,一段,基本形,食べる,動詞,自立,五段・カ行促音便,基本形,行く","1,0,0,1,0,1,1,-1,-1,1,1,1,0,0,0",[],"[[0, 0]]","[[1, 2]]",[],[1],
token85,Token,"食べ,に,行く","食べる,に,行く","動詞,自立,一段,連用形,食べる,助詞,格助詞,*,*,に,動詞,自立,五段・カ行促音便,基本形,行く","動詞,自立,一段,基本形,食べる,助詞,格助詞,*,*,に,動詞,自立,五段・カ行促音便,基本形,行く","1,0,0,1,0,1,1,-1,-1,1,1,0,0,0,0",[],"[[0, 0]]","[[1, 1], [2, 2]]",[],[],
token86,Token,"泳ぐ,の,は","泳ぐ,が","動詞,自立,五段・ガ行,基本形,泳ぐ,名詞,非自立,*,*,の,助詞,係助詞,*,*,は","動詞,自立,五段・ガ行,基本形,泳ぐ,助詞,接続助詞,*,*,が","1,0,0,0,0,1,1,-1,-1,1,1,1,-1,-1,1",[1],[],"[[0, 0]]",[],"[1, 2]",
token87,Token,"急い,で,から","急ぐ,から","動詞,自立,五段・ガ行,連用タ接続,急ぐ,助詞,接続助詞,*,*,で,助詞,格助詞,*,*,から","動詞,自立,五段・ガ行,基本形,急ぐ,助詞,格助詞,*,*,から","1,0,0,0,0,1,0,-1,-1,1,1,0,-1,-1,1",[],"[[0, 0]]","[[1, 2]]",[],[1],
token88,Token,"急い,で,、,行く","急い,だ,、,行く","動詞,自立,五段・ガ行,連用タ接続,急ぐ,助詞,接続助詞,*,*,で,記号,読点,*,*,、,動詞,自立,五段・カ行促音便,基本形,行く","動詞,自立,五段・ガ行,連用タ接続,急ぐ,助動詞,*,特殊・タ,基本形,だ,記号,読点,*,*,、,動詞,自立,五段・カ行促音便,基本形,行く","1,0,0,0,0,1,0,-1,-1,1,1,1,-1,-1,1,0,0,0,0,0",[1],[],"[[0, 0], [2, 2], [3, 3]]",[],[1],
token89,Token,"泳い,で","泳ぎ,て","動詞,自立,五段・ガ行,連用タ接続,泳ぐ,助詞,接続助詞,*,*,で","動詞,自立,五段・ガ行,連用形,泳ぐ,助詞,接続助詞,*,*,て","1,0,0,1,0,1,1,-1,-1,1",[],"[[0, 0]]",[],"[[1, 1]]",[],
token90,Token,"急ぎ,ます","急ぎ,で,ます","動詞,自立,五段・ガ行,連用形,急ぐ,助動詞,*,特殊・マス,基本形,ます","動詞,自立,五段・ガ行,連用形,急ぐ,助動詞,*,特殊・ダ,連用形,だ,助動詞,*,特殊・マス,基本形,ます","1,0,0,0,0,1,-1,1,0,1",[1],[],"[[0, 0], [2, 1]]",[],[],
token91,Token,"急ぎ,まし,た","急い,だ,です","動詞,自立,五段・ガ行,連用形,急ぐ,助動詞,*,特殊・マス,連用形,ます,助動詞,*,特殊・タ,基本形,た","動詞,自立,五段・ガ行,連用タ接続,急ぐ,助動詞,*,特殊・タ,基本形,だ,助動詞,*,特殊・デス,基本形,です","1,0,0,0,0,1,-1,1,1,1,1,-1,1,1,1",[2],"[[0, 0]]",[],"[[1, 2]]",[1],
token92,Token,"泳ぎ,ます","泳ぎ,です","動詞,自立,五段・ガ行,連用形,泳ぐ,助動詞,*,特殊・マス,基本形,ます","動詞,自立,五段・ガ行,連用形,泳ぐ,助動詞,*,特殊・デス,基本形,です","1,0,0,0,0,1,-1,1,0,1",[],[],"[[0, 0]]","[[1, 1]]",[],
token93,Token,"描く,の,が","描き,ます,が","動詞,自立,五段・カ行イ音便,基本形,描く,助詞,終助詞,*,*,の,助詞,接続助詞,*,*,が","動詞,自立,五段・カ行イ音便,連用形,描く,助動詞,*,特殊・マス,基本形,ます,助詞,接続助詞,*,*,が","1,0,0,1,0,0,0,-1,-1,1,0,0,-1,-1,1",[1],"[[0, 0]]","[[2, 2]]",[],[1],
token94,Token,"聴か,ない","聴く,ない","動詞,自立,五段・カ行イ音便,未然形,聴く,助動詞,*,特殊・ナイ,基本形,ない","動詞,自立,五段・カ行イ音便,基本形,聴く,形容詞,自立,形容詞・アウオ段,基本形,ない","1,0,0,1,0,1,-1,1,0,0",[],"[[0, 0]]","[[1, 1]]",[],[],
token95,Token,"乾い,た,服","乾く,服","動詞,自立,五段・カ行イ音便,連用タ接続,乾く,助動詞,*,特殊・タ,基本形,た,名詞,一般,*,*,服","動詞,自立,五段・カ行イ音便,基本形,乾く,名詞,一般,*,*,服","1,0,0,1,0,1,-1,1,1,1,1,0,-1,-1,0",[],"[[0, 0]]","[[1, 2]]",[],[1],
token96,Token,"書い,て,ある","書い,た,ある","動詞,自立,五段・カ行イ音便,連用タ接続,書く,助詞,接続助詞,*,*,て,動詞,自立,五段・ラ行,基本形,ある","動詞,自立,五段・カ行イ音便,連用タ接続,書く,助動詞,*,特殊・タ,基本形,た,連体詞,*,*,*,ある","1,0,0,0,0,1,1,-1,-1,1,1,0,0,0,0",[1],[],"[[0, 0], [2, 2]]",[],[1],
token97,Token,"書い,て,あり,ます","書き,ます","動詞,自立,五段・カ行イ音便,連用タ接続,書く,助詞,接続助詞,*,*,て,動詞,非自立,五段・ラ行,連用形,ある,助動詞,*,特殊・マス,基本形,ます","動詞,自立,五段・カ行イ音便,連用形,書く,助動詞,*,特殊・マス,基本形,ます","1,0,0,0,0,1,1,-1,-1,1,1,0,0,1,1,1,-1,1,0,1",[],"[[0, 0]]","[[1, 3]]",[],"[1, 2]",
token98,Token,"歩い,て","歩い,て,で","動詞,自立,五段・カ行イ音便,連用タ接続,歩く,助詞,接続助詞,*,*,て","動詞,自立,五段・カ行イ音便,連用タ接続,歩く,助詞,接続助詞,*,*,て,助動詞,*,特殊・ダ,連用形,だ","1,0,0,1,0,1,1,-1,-1,1",[2],[],"[[0, 0], [1, 1]]",[],[],
token99,Token,"聞い,て,みる","聞く,みる","動詞,自立,五段・カ行イ音便,連用タ接続,聞く,助詞,接続助詞,*,*,て,動詞,非自立,一段,基本形,みる","動詞,自立,五段・カ行イ音便,基本形,聞く,動詞,非自立,一段,基本形,みる","1,0,0,1,0,1,1,-1,-1,1,1,1,0,0,0",[],"[[0, 0]]","[[1, 2]]",[],[1],
token100,Token,"動き,たい","動き,ます,たい","動詞,自立,五段・カ行イ音便,連用形,動く,助動詞,*,特殊・タイ,基本形,たい","動詞,自立,五段・カ行イ音便,連用形,動く,助動詞,*,特殊・マス,基本形,ます,助動詞,*,特殊・タイ,基本形,たい","1,0,0,1,0,1,-1,1,0,1",[1],[],"[[0, 0], [2, 1]]",[],[],
token101,Token,"引き,ませ,ん","引く,じゃ,ない,です","動詞,自立,五段・カ行イ音便,連用形,引く,助動詞,*,特殊・マス,未然形,ます,助動詞,*,不変化型,基本形,ん","動詞,自立,五段・カ行イ音便,基本形,引く,助詞,副助詞,*,*,じゃ,助動詞,*,特殊・ナイ,基本形,ない,助動詞,*,特殊・デス,基本形,です","1,0,0,1,0,1,-1,1,1,1,1,-1,1,1,1","[1, 2, 3]","[[0, 0]]",[],[],"[1, 2]",
token102,Token,"書き,ます","書い,ます","動詞,自立,五段・カ行イ音便,連用形,書く,助動詞,*,特殊・マス,基本形,ます","動詞,自立,五段・カ行イ音便,連用タ接続,書く,助動詞,*,特殊・マス,基本形,ます","1,0,0,1,0,1,-1,1,0,1",[],"[[0, 0]]","[[1, 1]]",[],[],
token103,Token,"聞き,し,ます","聞き,ます","動詞,自立,五段・カ行イ音便,連用形,聞く,動詞,自立,サ変・スル,連用形,する,助動詞,*,特殊・マス,基本形,ます","動詞,自立,五段・カ行イ音便,連用形,聞く,助動詞,*,特殊・マス,基本形,ます","1,0,0,0,0,1,1,1,1,1,1,-1,1,0,1",[],[],"[[0, 0], [1, 2]]",[],[1],
token104,Token,"行く,こと","行く,の,こと","動詞,自立,五段・カ行促音便,基本形,行く,名詞,非自立,*,*,こと","動詞,自立,五段・カ行促音便,基本形,行く,助詞,連体化,*,*,の,名詞,非自立,*,*,こと","1,0,0,1,0,1,0,-1,-1,0",[1],[],"[[0, 0], [2, 1]]",[],[],
token105,Token,"行か,なかっ","行か,ない,かっ","動詞,自立,五段・カ行促音便,未然形,行く,助動詞,*,特殊・ナイ,連用タ接続,ない","動詞,自立,五段・カ行促音便,未然形,行く,助動詞,*,特殊・ナイ,基本形,ない,動詞,自立,五段・ラ行,連用タ接続,かる","1,0,0,1,0,1,-1,1,0,1",[1],[],"[[0, 0]]","[[2, 1]]",[],
token106,Token,"行っ,た","行っ,だ","動詞,自立,五段・カ行促音便,連用タ接続,行く,助動詞,*,特殊・タ,基本形,た","動詞,自立,五段・カ行促音便,連用タ接続,行く,助動詞,*,特殊・タ,基本形,だ","1,0,0,1,0,1,-1,1,1,1",[],[],"[[0, 0]]","[[1, 1]]",[],
token107,Token,"行っ,て","行っ,で","動詞,自立,五段・カ行促音便,連用タ接続,行く,助詞,接続助詞,*,*,て","動詞,自立,五段・カ行促音便,連用タ接続,行く,助詞,接続助詞,*,*,で","1,0,0,1,0,1,1,-1,-1,1",[],[],"[[0, 0]]","[[1, 1]]",[],
token108,Token,"行っ,て","行き,まし,て","動詞,自立,五段・カ行促音便,連用タ接続,行く,助詞,接続助詞,*,*,て","動詞,自立,五段・カ行促音便,連用形,行く,助動詞,*,特殊・マス,連用形,ます,助詞,接続助詞,*,*,て","1,0,0,1,0,1,1,-1,-1,1",[1],"[[0, 0]]","[[2, 1]]",[],[],
token109,Token,"行っ,て,も","行き,ます,も","動詞,自立,五段・カ行促音便,連用タ接続,行く,助詞,接続助詞,*,*,て,助詞,係助詞,*,*,も","動詞,自立,五段・カ行促音便,連用形,行く,助動詞,*,特殊・マス,基本形,ます,助詞,係助詞,*,*,も","1,0,0,1,0,1,1,-1,-1,1,1,1,-1,-1,1",[1],"[[0, 0]]","[[2, 2]]",[],[1],
token110,Token,"行き,たい,です","行き,たい,ます","動詞,自立,五段・カ行促音便,連用形,行く,助動詞,*,特殊・タイ,基本形,たい,助動詞,*,特殊・デス,基本形,です","動詞,自立,五段・カ行促音便,連用形,行く,助動詞,*,特殊・タイ,基本形,たい,助動詞,*,特殊・マス,基本形,ます","1,0,0,0,0,1,-1,0,0,0,1,-1,1,1,1",[],[],"[[0, 0], [1, 1]]","[[2, 2]]",[],
token111,Token,"行き,たい,場所","行き,たい,の,場所","動詞,自立,五段・カ行促音便,連用形,行く,助動詞,*,特殊・タイ,基本形,たい,名詞,一般,*,*,場所","動詞,自立,五段・カ行促音便,連用形,行く,助動詞,*,特殊・タイ,基本形,たい,助詞,連体化,*,*,の,名詞,一般,*,*,場所","1,0,0,0,0,1,-1,1,1,1,1,0,-1,-1,0",[2],[],"[[0, 0], [1, 1], [3, 2]]",[],[],
token112,Token,"行き,たかっ,た","行き,たい,だっ,た","動詞,自立,五段・カ行促音便,連用形,行く,助動詞,*,特殊・タイ,連用タ接続,たい,助動詞,*,特殊・タ,基本形,た","動詞,自立,五段・カ行促音便,連用形,行く,助動詞,*,特殊・タイ,基本形,たい,助動詞,*,特殊・ダ,連用タ接続,だ,助動詞,*,特殊・タ,基本形,た","1,0,0,1,0,1,-1,1,1,1,1,-1,1,1,1",[2],"[[1, 1]]","[[0, 0], [3, 2]]",[],[],
token113,Token,"話す,人","話し,ます,人","動詞,自立,五段・サ行,基本形,話す,名詞,一般,*,*,人","動詞,自立,五段・サ行,連用形,話す,助動詞,*,特殊・マス,基本形,ます,名詞,一般,*,*,人","1,0,0,1,0,1,0,-1,-1,0",[1],"[[0, 0]]","[[2, 1]]",[],[],
token114,Token,"話す,の,は","話す,は","動詞,自立,五段・サ行,基本形,話す,名詞,非自立,*,*,の,助詞,係助詞,*,*,は","動詞,自立,五段・サ行,基本形,話す,助詞,係助詞,*,*,は","1,0,0,1,0,1,1,-1,-1,1,1,1,-1,-1,1",[],[],"[[0, 0], [1, 2]]",[],[1],
token115,Token,"話す,の,が","話す,が","動詞,自立,五段・サ行,基本形,話す,名詞,非自立,*,*,の,助詞,格助詞,*,*,が","動詞,自立,五段・サ行,基本形,話す,助詞,接続助詞,*,*,が","1,0,0,1,0,1,1,-1,-1,1,1,1,-1,-1,1",[],[],"[[0, 0], [1, 2]]",[],[1],
token116,Token,"話す,の,が","話し,て,が","動詞,自立,五段・サ行,基本形,話す,名詞,非自立,*,*,の,助詞,格助詞,*,*,が","動詞,自立,五段・サ行,連用形,話す,助詞,接続助詞,*,*,て,助詞,格助詞,*,*,が","1,0,0,1,0,1,1,-1,-1,0,1,1,-1,-1,1",[1],"[[0, 0]]","[[2, 2]]",[],[1],
token117,Token,"戻し,て,から","戻す,から","動詞,自立,五段・サ行,連用形,戻す,助詞,接続助詞,*,*,て,助詞,格助詞,*,*,から","動詞,自立,五段・サ行,基本形,戻す,助詞,格助詞,*,*,から","1,0,0,0,0,1,0,-1,-1,1,1,0,-1,-1,1",[],"[[0, 0]]","[[1, 2]]",[],[1],
token118,Token,"探し,て","探し,で","動詞,自立,五段・サ行,連用形,探す,助詞,接続助詞,*,*,て","動詞,自立,五段・サ行,連用形,探す,助詞,接続助詞,*,*,で","1,0,0,1,0,1,1,-1,-1,1",[],[],"[[0, 0]]","[[1, 1]]",[],
token119,Token,"話し,た","話す,た","動詞,自立,五段・サ行,連用形,話す,助動詞,*,特殊・タ,基本形,た","動詞,自立,五段・サ行,基本形,話す,助動詞,*,特殊・タ,基本形,た","1,0,0,1,0,1,-1,1,0,0",[],"[[0, 0]]","[[1, 1]]",[],[],
token120,Token,"話し,た","話し,だ","動詞,自立,五段・サ行,連用形,話す,助動詞,*,特殊・タ,基本形,た","動詞,自立,五段・サ行,連用形,話す,助動詞,*,特殊・タ,基本形,だ","1,0,0,1,0,1,-1,1,1,1",[],[],"[[0, 0]]","[[1, 1]]",[],
token121,Token,"話し,て,いい","話し,た,いい","動詞,自立,五段・サ行,連用形,話す,助詞,接続助詞,*,*,て,形容詞,非自立,形容詞・イイ,基本形,いい","動詞,自立,五段・サ行,連用形,話す,助動詞,*,特殊・タ,基本形,た,形容詞,自立,形容詞・イイ,基本形,いい","1,0,0,0,0,1,0,-1,-1,1,1,0,0,0,0",[1],[],"[[0, 0], [2, 2]]",[],[1],
token122,Token,"話し,ながら","話す,ながら","動詞,自立,五段・サ行,連用形,話す,助詞,接続助詞,*,*,ながら","動詞,自立,五段・サ行,基本形,話す,助詞,接続助詞,*,*,ながら","1,0,0,1,0,1,1,-1,-1,1",[],"[[0, 0]]","[[1, 1]]",[],[],
token123,Token,"零し,て","零す,て","動詞,自立,五段・サ行,連用形,零す,助詞,接続助詞,*,*,て","動詞,自立,五段・サ行,基本形,零す,助詞,接続助詞,*,*,て","1,0,0,1,0,1,1,-1,-1,1",[],"[[0, 0]]","[[1, 1]]",[],[],
token124,Token,"立っ,たり","立ち,たり","動詞,自立,五段・タ行,連用タ接続,立つ,助詞,並立助詞,*,*,たり","動詞,自立,五段・タ行,連用形,立つ,助詞,並立助詞,*,*,たり","1,0,0,1,0,1,1,0,0,0",[],"[[0, 0]]","[[1, 1]]",[],[],
token125,Token,"死ぬ,かも","死に,かも","動詞,自立,五段・ナ行,基本形,死ぬ,助詞,副助詞,*,*,かも","動詞,自立,五段・ナ行,連用形,死ぬ,助詞,副助詞,*,*,かも","1,0,0,1,0,1,1,-1,-1,1",[],"[[0, 0]]","[[1, 1]]",[],[],
token126,Token,"遊ん,で","遊ぶ,で","動詞,自立,五段・バ行,連用タ接続,遊ぶ,助詞,接続助詞,*,*,で","動詞,自立,五段・バ行,基本形,遊ぶ,助詞,接続助詞,*,*,で","1,0,0,1,0,1,1,-1,-1,1",[],"[[0, 0]]","[[1, 1]]",[],[],
token127,Token,"遊ん,で","遊ん,て","動詞,自立,五段・バ行,連用タ接続,遊ぶ,助詞,接続助詞,*,*,で","動詞,自立,五段・バ行,連用タ接続,遊ぶ,助詞,接続助詞,*,*,て","1,0,0,1,0,1,1,-1,-1,1",[],[],"[[0, 0]]","[[1, 1]]",[],
token128,Token,"遊び,ます","遊ぶ,い,ます","動詞,自立,五段・バ行,連用形,遊ぶ,助動詞,*,特殊・マス,基本形,ます","動詞,自立,五段・バ行,基本形,遊ぶ,動詞,非自立,一段,連用形,いる,助動詞,*,特殊・マス,基本形,ます","1,0,0,1,0,1,-1,1,0,1",[1],"[[0, 0]]","[[2, 1]]",[],[],
token129,Token,"住む,つもり","住み,つもり","動詞,自立,五段・マ行,基本形,住む,名詞,非自立,*,*,つもり","動詞,自立,五段・マ行,連用形,住む,名詞,一般,*,*,つもり","1,0,0,1,0,1,1,-1,-1,1",[],"[[0, 0]]","[[1, 1]]",[],[],
token130,Token,"住ん,だ","住み,だ","動詞,自立,五段・マ行,連用タ接続,住む,助動詞,*,特殊・タ,基本形,だ","動詞,自立,五段・マ行,連用形,住む,助動詞,*,特殊・タ,基本形,だ","1,0,0,1,0,1,-1,1,0,1",[],"[[0, 0]]","[[1, 1]]",[],[],
token131,Token,"住ん,で,い,ます","住み,ます","動詞,自立,五段・マ行,連用タ接続,住む,助詞,接続助詞,*,*,で,動詞,非自立,一段,連用形,いる,助動詞,*,特殊・マス,基本形,ます","動詞,自立,五段・マ行,連用形,住む,助動詞,*,特殊・マス,基本形,ます","1,0,0,0,0,1,1,-1,-1,0,1,0,0,0,1,1,-1,1,0,1",[],"[[0, 0]]","[[1, 3]]",[],"[1, 2]",
token132,Token,"読ん,だ","読み,た","動詞,自立,五段・マ行,連用タ接続,読む,助動詞,*,特殊・タ,基本形,だ","動詞,自立,五段・マ行,連用形,読む,助動詞,*,特殊・タ,基本形,た","1,0,0,1,0,1,-1,1,1,1",[],"[[0, 0]]",[],"[[1, 1]]",[],
token133,Token,"頼ん,で,、,聞く","頼む,、,聞く","動詞,自立,五段・マ行,連用タ接続,頼む,助詞,接続助詞,*,*,で,記号,読点,*,*,、,動詞,自立,五段・カ行イ音便,基本形,聞く","動詞,自立,五段・マ行,基本形,頼む,記号,読点,*,*,、,動詞,自立,五段・カ行イ音便,基本形,聞く","1,0,0,1,0,1,0,-1,-1,0,1,1,-1,-1,1,0,0,0,0,0",[],"[[0, 0]]","[[1, 2], [2, 3]]",[],[1],
token134,Token,"読み,し,ます","読み,に,し,ます","動詞,自立,五段・マ行,連用形,読む,動詞,自立,サ変・スル,連用形,する,助動詞,*,特殊・マス,基本形,ます","名詞,一般,*,*,読み,助詞,格助詞,*,*,に,動詞,自立,サ変・スル,連用形,する,助動詞,*,特殊・マス,基本形,ます","1,0,0,1,0,1,1,1,1,1,1,-1,1,0,1",[1],[],"[[0, 0], [2, 1], [3, 2]]",[],[],
token135,Token,飲み,"飲み,る","動詞,自立,五段・マ行,連用形,飲む","動詞,自立,五段・マ行,連用形,飲む,動詞,非自立,一段,基本形,る","1,0,0,1,0",[1],[],"[[0, 0]]",[],[],
token136,Token,"飲み,たい","飲み,ほしい","動詞,自立,五段・マ行,連用形,飲む,助動詞,*,特殊・タイ,基本形,たい","動詞,自立,五段・マ行,連用形,飲む,形容詞,非自立,形容詞・イ段,基本形,ほしい","1,0,0,1,0,1,-1,1,0,1",[],[],"[[0, 0]]","[[1, 1]]",[],
token137,Token,"飲み,たかっ,た","飲み,たい,でし,た","動詞,自立,五段・マ行,連用形,飲む,助動詞,*,特殊・タイ,連用タ接続,たい,助動詞,*,特殊・タ,基本形,た","動詞,自立,五段・マ行,連用形,飲む,助動詞,*,特殊・タイ,基本形,たい,助動詞,*,特殊・デス,連用形,です,助動詞,*,特殊・タ,基本形,た","1,0,0,1,0,1,-1,1,1,1,1,-1,1,0,1",[2],"[[1, 1]]","[[0, 0], [3, 2]]",[],[],
token138,Token,"飲み,たく,なかっ","飲み,た,なかっ","動詞,自立,五段・マ行,連用形,飲む,助動詞,*,特殊・タイ,連用テ接続,たい,助動詞,*,特殊・ナイ,連用タ接続,ない","動詞,自立,五段・マ行,連用形,飲む,助動詞,*,特殊・タ,基本形,た,助動詞,*,特殊・ナイ,連用タ接続,ない","1,0,0,1,0,1,-1,1,1,1,1,-1,1,0,1",[1],[],"[[0, 0], [2, 2]]",[],[1],
token139,Token,"ある,か,分かる","ある,分かる","動詞,自立,五段・ラ行,基本形,ある,助詞,副助詞／並立助詞／終助詞,*,*,か,動詞,自立,五段・ラ行,基本形,分かる","動詞,自立,五段・ラ行,基本形,ある,動詞,自立,五段・ラ行,基本形,分かる","1,0,0,1,0,0,0,-1,-1,1,1,0,0,0,0",[],[],"[[0, 0], [1, 2]]",[],[1],
token140,Token,"なる,か","なり,ます,か","動詞,自立,五段・ラ行,基本形,なる,助詞,副助詞／並立助詞／終助詞,*,*,か","動詞,自立,五段・ラ行,連用形,なる,助動詞,*,特殊・マス,基本形,ます,助詞,副助詞／並立助詞／終助詞,*,*,か","1,0,0,1,0,1,1,-1,-1,0",[1],"[[0, 0]]","[[2, 1]]",[],[],
token141,Token,"終わる,前,に","終わる,前,で","動詞,自立,五段・ラ行,基本形,終わる,名詞,副詞可能,*,*,前,助詞,格助詞,*,*,に","動詞,自立,五段・ラ行,基本形,終わる,名詞,副詞可能,*,*,前,助詞,格助詞,*,*,で","1,0,0,1,0,1,1,-1,-1,0,1,1,-1,-1,1",[2],[],"[[0, 0], [1, 1]]",[],[2],
token142,Token,"降る,前","降ら,ない,前","動詞,自立,五段・ラ行,基本形,降る,名詞,副詞可能,*,*,前","動詞,自立,五段・ラ行,未然形,降る,助動詞,*,特殊・ナイ,基本形,ない,名詞,副詞可能,*,*,前","1,0,0,1,0,1,1,-1,-1,1",[1],"[[0, 0]]","[[2, 1]]",[],[],
token143,Token,"降る,前","降っ,て,前","動詞,自立,五段・ラ行,基本形,降る,名詞,副詞可能,*,*,前","動詞,自立,五段・ラ行,連用タ接続,降る,助詞,接続助詞,*,*,て,名詞,副詞可能,*,*,前","1,0,0,1,0,1,1,-1,-1,0",[1],"[[0, 0]]","[[2, 1]]",[],[],
token144,Token,"降る,前","降っ,た,前","動詞,自立,五段・ラ行,基本形,降る,名詞,副詞可能,*,*,前","動詞,自立,五段・ラ行,連用タ接続,降る,助動詞,*,特殊・タ,基本形,た,名詞,副詞可能,*,*,前","1,0,0,1,0,1,1,-1,-1,0",[1],"[[0, 0]]","[[2, 1]]",[],[],
token145,Token,"作ろ,う",作ろ,"動詞,自立,五段・ラ行,未然ウ接続,作る,助動詞,*,不変化型,基本形,う","動詞,自立,五段・ラ行,未然ウ接続,作る","1,0,0,1,0,1,-1,1,1,1",[],[],"[[0, 0]]",[],[1],
token146,Token,"なら,ない,か","なり,ませ,ん,か","動詞,自立,五段・ラ行,未然形,なる,助動詞,*,特殊・ナイ,基本形,ない,助詞,副助詞／並立助詞／終助詞,*,*,か","動詞,自立,五段・ラ行,連用形,なる,助動詞,*,特殊・マス,未然形,ます,助動詞,*,不変化型,基本形,ん,助詞,副助詞／並立助詞／終助詞,*,*,か","1,0,0,1,0,0,-1,0,0,1,1,1,-1,-1,0","[1, 2]","[[0, 0]]","[[3, 2]]",[],[1],
token147,Token,"作ら,なかっ","作ら,なっ","動詞,自立,五段・ラ行,未然形,作る,助動詞,*,特殊・ナイ,連用タ接続,ない","動詞,自立,五段・ラ行,未然形,作る,動詞,非自立,五段・ラ行,連用タ接続,なる","1,0,0,1,0,1,-1,1,1,1",[],[],"[[0, 0]]","[[1, 1]]",[],
token148,Token,"分から,ない","分かり,ない","動詞,自立,五段・ラ行,未然形,分かる,助動詞,*,特殊・ナイ,基本形,ない","動詞,自立,五段・ラ行,連用形,分かる,助動詞,*,特殊・ナイ,基本形,ない","1,0,0,1,0,1,-1,1,0,0",[],"[[0, 0]]","[[1, 1]]",[],[],
token149,Token,"あっ,た,と","あっ,て,と","動詞,自立,五段・ラ行,連用タ接続,ある,助動詞,*,特殊・タ,基本形,た,助詞,格助詞,*,*,と","動詞,自立,五段・ラ行,連用タ接続,ある,助詞,接続助詞,*,*,て,助詞,格助詞,*,*,と","1,0,0,0,0,1,-1,1,1,1,1,1,-1,-1,1",[1],[],"[[0, 0], [2, 2]]",[],[1],
token150,Token,"なっ,た,と","なり,まし,た,と","動詞,自立,五段・ラ行,連用タ接続,なる,助動詞,*,特殊・タ,基本形,た,助詞,格助詞,*,*,と","動詞,自立,五段・ラ行,連用形,なる,助動詞,*,特殊・マス,連用形,ます,助動詞,*,特殊・タ,基本形,た,助詞,格助詞,*,*,と","1,0,0,1,0,1,-1,0,0,1,1,1,-1,-1,1",[1],"[[0, 0]]","[[2, 1], [3, 2]]",[],[],
token151,Token,"やっ,た,から","やっ,て,から","動詞,自立,五段・ラ行,連用タ接続,やる,助動詞,*,特殊・タ,基本形,た,助詞,接続助詞,*,*,から","動詞,自立,五段・ラ行,連用タ接続,やる,助詞,接続助詞,*,*,て,助詞,格助詞,*,*,から","1,0,0,0,0,1,1,-1,-1,1,1,1,-1,-1,1",[1],[],"[[0, 0], [2, 2]]",[],[1],
token152,Token,"作っ,た","作り,た","動詞,自立,五段・ラ行,連用タ接続,作る,助動詞,*,特殊・タ,基本形,た","動詞,自立,五段・ラ行,連用形,作る,助動詞,*,特殊・タ,基本形,た","1,0,0,1,0,1,-1,1,0,1",[],"[[0, 0]]","[[1, 1]]",[],[],
token153,Token,"作っ,た","作る,た","動詞,自立,五段・ラ行,連用タ接続,作る,助動詞,*,特殊・タ,基本形,た","動詞,自立,五段・ラ行,基本形,作る,助動詞,*,特殊・タ,基本形,た","1,0,0,1,0,1,-1,1,0,1",[],"[[0, 0]]","[[1, 1]]",[],[],
token154,Token,"作っ,た","作っ,かっ,た","動詞,自立,五段・ラ行,連用タ接続,作る,助動詞,*,特殊・タ,基本形,た","動詞,自立,五段・ラ行,連用タ接続,作る,動詞,自立,五段・ワ行促音便,連用タ接続,かう,助動詞,*,特殊・タ,基本形,た","1,0,0,1,0,1,-1,1,0,0",[1],[],"[[0, 0], [2, 1]]",[],[],
token155,Token,"作っ,て,おく","作り,おく","動詞,自立,五段・ラ行,連用タ接続,作る,助詞,接続助詞,*,*,て,動詞,非自立,五段・カ行イ音便,基本形,おく","動詞,自立,五段・ラ行,連用形,作る,動詞,非自立,五段・カ行イ音便,基本形,おく","1,0,0,0,0,1,1,-1,-1,0,1,0,0,0,0",[],"[[0, 0]]","[[1, 2]]",[],[1],
token156,Token,"分かっ,た","分かっ,た,です","動詞,自立,五段・ラ行,連用タ接続,分かる,助動詞,*,特殊・タ,基本形,た","動詞,自立,五段・ラ行,連用タ接続,分かる,助動詞,*,特殊・タ,基本形,た,助動詞,*,特殊・デス,基本形,です","1,0,0,1,0,1,-1,1,1,1",[2],[],"[[0, 0], [1, 1]]",[],[],
token157,Token,"分かっ,て","分かる,て","動詞,自立,五段・ラ行,連用タ接続,分かる,助詞,接続助詞,*,*,て","動詞,自立,五段・ラ行,基本形,分かる,助詞,接続助詞,*,*,て","1,0,0,1,0,1,1,-1,-1,1",[],"[[0, 0]]","[[1, 1]]",[],[],
token158,Token,"なり,たい,から","なり,たい,だから","動詞,自立,五段・ラ行,連用形,なる,助動詞,*,特殊・タイ,基本形,たい,助詞,接続助詞,*,*,から","動詞,自立,五段・ラ行,連用形,なる,助動詞,*,特殊・タイ,基本形,たい,接続詞,*,*,*,だから","1,0,0,1,0,1,-1,1,1,1,1,1,-1,-1,1",[2],[],"[[0, 0], [1, 1]]",[],[2],
token159,Token,"やり,まし,た","やり,まし,た,です","動詞,自立,五段・ラ行,連用形,やる,助動詞,*,特殊・マス,連用形,ます,助動詞,*,特殊・タ,基本形,た","動詞,自立,五段・ラ行,連用形,やる,助動詞,*,特殊・マス,連用形,ます,助動詞,*,特殊・タ,基本形,た,助動詞,*,特殊・デス,基本形,です","1,0,0,1,0,1,-1,1,1,1,1,-1,1,0,0",[3],[],"[[0, 0], [1, 1], [2, 2]]",[],[],
token160,Token,"やり,過ぎ","やる,過ぎ","動詞,自立,五段・ラ行,連用形,やる,動詞,非自立,一段,連用形,過ぎる","動詞,自立,五段・ラ行,基本形,やる,動詞,非自立,一段,連用形,過ぎる","1,0,0,1,0,1,1,0,0,0",[],"[[0, 0]]","[[1, 1]]",[],[],
token161,Token,"やり,過ぎ","やっ,て,過ぎ","動詞,自立,五段・ラ行,連用形,やる,動詞,非自立,一段,連用形,過ぎる","動詞,自立,五段・ラ行,連用タ接続,やる,助詞,接続助詞,*,*,て,動詞,非自立,一段,連用形,過ぎる","1,0,0,1,0,1,1,0,0,0",[1],"[[0, 0]]","[[2, 1]]",[],[],
token162,Token,"わかり,ませ,ん,でし","わから,ない,でし","動詞,自立,五段・ラ行,連用形,わかる,助動詞,*,特殊・マス,未然形,ます,助動詞,*,不変化型,基本形,ん,助動詞,*,特殊・デス,連用形,です","動詞,自立,五段・ラ行,未然形,わかる,助動詞,*,特殊・ナイ,基本形,ない,助動詞,*,特殊・デス,連用形,です","1,0,0,1,0,1,-1,1,1,1,1,-1,1,1,1,1,-1,1,1,1",[1],"[[0, 0]]","[[2, 3]]",[],"[1, 2]",
token163,Token,"作り,たい","作っ,たい","動詞,自立,五段・ラ行,連用形,作る,助動詞,*,特殊・タイ,基本形,たい","動詞,自立,五段・ラ行,連用タ接続,作る,助動詞,*,特殊・タイ,基本形,たい","1,0,0,1,0,1,-1,1,0,0",[],"[[0, 0]]","[[1, 1]]",[],[],
token164,Token,"作り,たい","作る,たい","動詞,自立,五段・ラ行,連用形,作る,助動詞,*,特殊・タイ,基本形,たい","動詞,自立,五段・ラ行,基本形,作る,助動詞,*,特殊・タイ,基本形,たい","1,0,0,1,0,1,-1,1,0,0",[],"[[0, 0]]","[[1, 1]]",[],[],
token165,Token,"作り,ます","作り,い,ます","動詞,自立,五段・ラ行,連用形,作る,助動詞,*,特殊・マス,基本形,ます","動詞,自立,五段・ラ行,連用形,作る,動詞,非自立,一段,連用形,いる,助動詞,*,特殊・マス,基本形,ます","1,0,0,1,0,1,-1,1,0,0",[1],[],"[[0, 0], [2, 1]]",[],[],
token166,Token,"作り,ます","作る,です","動詞,自立,五段・ラ行,連用形,作る,助動詞,*,特殊・マス,基本形,ます","動詞,自立,五段・ラ行,基本形,作る,助動詞,*,特殊・デス,基本形,です","1,0,0,0,0,0,-1,0,0,1",[],"[[0, 0]]",[],"[[1, 1]]",[],
token167,Token,"作り,まし","作る,まし","動詞,自立,五段・ラ行,連用形,作る,助動詞,*,特殊・マス,連用形,ます","動詞,自立,五段・ラ行,基本形,作る,助動詞,*,特殊・マス,連用形,ます","1,0,0,0,0,1,-1,1,0,1",[],"[[0, 0]]","[[1, 1]]",[],[],
token168,Token,"帰り,たい","帰り,た","動詞,自立,五段・ラ行,連用形,帰る,助動詞,*,特殊・タイ,基本形,たい","動詞,自立,五段・ラ行,連用形,帰る,助動詞,*,特殊・タイ,ガル接続,たい","1,0,0,1,0,1,-1,1,1,1",[],"[[1, 1]]","[[0, 0]]",[],[],
token169,Token,"帰り,たかっ,た","帰り,かっ,た","動詞,自立,五段・ラ行,連用形,帰る,助動詞,*,特殊・タイ,連用タ接続,たい,助動詞,*,特殊・タ,基本形,た","動詞,自立,五段・ラ行,連用形,帰る,動詞,自立,五段・タ行,連用タ接続,かつ,助動詞,*,特殊・タ,基本形,た","1,0,0,1,0,1,-1,1,1,1,1,-1,1,0,1",[1],[],"[[0, 0], [2, 2]]",[],[1],
token170,Token,"降り,ませ","降り,て,ませ","動詞,自立,五段・ラ行,連用形,降る,助動詞,*,特殊・マス,未然形,ます","動詞,自立,一段,連用形,降りる,助詞,接続助詞,*,*,て,助動詞,*,特殊・マス,未然形,ます","1,0,0,0,0,1,-1,1,0,1",[1],[],"[[0, 0], [2, 1]]",[],[],
token171,Token,"使っ,て,は","使い,ます,は","動詞,自立,五段・ワ行促音便,連用タ接続,使う,助詞,接続助詞,*,*,て,助詞,係助詞,*,*,は","動詞,自立,五段・ワ行促音便,連用形,使う,助動詞,*,特殊・マス,基本形,ます,助詞,係助詞,*,*,は","1,0,0,0,0,1,1,-1,-1,1,1,1,-1,-1,1",[1],"[[0, 0]]","[[2, 2]]",[],[1],
token172,Token,"使っ,て,も","使う,も","動詞,自立,五段・ワ行促音便,連用タ接続,使う,助詞,接続助詞,*,*,て,助詞,係助詞,*,*,も","動詞,自立,五段・ワ行促音便,基本形,使う,助詞,係助詞,*,*,も","1,0,0,0,0,1,1,-1,-1,1,1,1,-1,-1,1",[],"[[0, 0]]","[[1, 2]]",[],[1],
token173,Token,"使っ,て,も,いい","使っ,て,は,いい","動詞,自立,五段・ワ行促音便,連用タ接続,使う,助詞,接続助詞,*,*,て,助詞,係助詞,*,*,も,形容詞,非自立,形容詞・イイ,基本形,いい","動詞,自立,五段・ワ行促音便,連用タ接続,使う,助詞,接続助詞,*,*,て,助詞,係助詞,*,*,は,形容詞,非自立,形容詞・イイ,基本形,いい","1,0,0,0,0,1,1,-1,-1,1,1,1,-1,-1,1,1,0,0,0,0",[2],[],"[[0, 0], [1, 1], [3, 3]]",[],[2],
token174,Token,"吸っ,て","吸い,て","動詞,自立,五段・ワ行促音便,連用タ接続,吸う,助詞,接続助詞,*,*,て","動詞,自立,五段・ワ行ウ音便,連用形,吸う,助詞,接続助詞,*,*,て","1,0,0,1,0,1,1,-1,-1,0",[],"[[0, 0]]","[[1, 1]]",[],[],
token175,Token,"吸っ,て,は,いけ","吸っ,て,いけ","動詞,自立,五段・ワ行促音便,連用タ接続,吸う,助詞,接続助詞,*,*,て,助詞,係助詞,*,*,は,動詞,非自立,一段,未然形,いける","動詞,自立,五段・ワ行促音便,連用タ接続,吸う,助詞,接続助詞,*,*,て,動詞,非自立,一段,未然形,いける","1,0,0,0,0,1,1,-1,-1,0,1,1,-1,-1,1,1,0,0,0,0",[],[],"[[0, 0], [1, 1], [2, 3]]",[],[2],
token176,Token,"払っ,た","払っ,て,です","動詞,自立,五段・ワ行促音便,連用タ接続,払う,助動詞,*,特殊・タ,基本形,た","動詞,自立,五段・ワ行促音便,連用タ接続,払う,助詞,接続助詞,*,*,て,助動詞,*,特殊・デス,基本形,です","1,0,0,0,0,1,-1,1,1,1","[1, 2]",[],"[[0, 0]]",[],[1],
token177,Token,"言っ,た,こと","言い,まし,た,こと","動詞,自立,五段・ワ行促音便,連用タ接続,言う,助動詞,*,特殊・タ,基本形,た,名詞,非自立,*,*,こと","動詞,自立,五段・ワ行促音便,連用形,言う,助動詞,*,特殊・マス,連用形,ます,助動詞,*,特殊・タ,基本形,た,名詞,非自立,*,*,こと","1,0,0,1,0,1,-1,1,1,1,1,0,-1,-1,0",[1],"[[0, 0]]","[[2, 1], [3, 2]]",[],[],
token178,Token,"買っ,た,時","買っ,た,の,時","動詞,自立,五段・ワ行促音便,連用タ接続,買う,助動詞,*,特殊・タ,基本形,た,名詞,非自立,*,*,時","動詞,自立,五段・ワ行促音便,連用タ接続,買う,助動詞,*,特殊・タ,基本形,た,助詞,連体化,*,*,の,名詞,非自立,*,*,時","1,0,0,0,0,0,-1,0,1,1,1,0,0,0,0",[2],[],"[[0, 0], [1, 1], [3, 2]]",[],[],
token179,Token,"会い,た,がる","会い,たい,がる","動詞,自立,五段・ワ行促音便,連用形,会う,助動詞,*,特殊・タイ,ガル接続,たい,動詞,接尾,五段・ラ行,基本形,がる","動詞,自立,五段・ワ行促音便,連用形,会う,助動詞,*,特殊・タイ,基本形,たい,動詞,接尾,五段・ラ行,基本形,がる","1,0,0,1,0,1,-1,1,1,1,1,1,1,0,1",[],"[[1, 1]]","[[0, 0], [2, 2]]",[],[],
token180,Token,"嫌い,そう","嫌い,な,そう","動詞,自立,五段・ワ行促音便,連用形,嫌う,名詞,接尾,*,*,そう","名詞,形容動詞語幹,*,*,嫌い,助動詞,*,特殊・ダ,体言接続,だ,副詞,助詞類接続,*,*,そう","1,0,0,1,0,1,1,-1,-1,0",[1],[],"[[0, 0], [2, 1]]",[],[],
token181,Token,"払い,ます","払っ,て,です","動詞,自立,五段・ワ行促音便,連用形,払う,助動詞,*,特殊・マス,基本形,ます","動詞,自立,五段・ワ行促音便,連用タ接続,払う,助詞,接続助詞,*,*,て,助動詞,*,特殊・デス,基本形,です","1,0,0,1,0,1,-1,1,0,1",[1],"[[0, 0]]",[],"[[2, 1]]",[],
token182,Token,"言い,まし,た","言っ,た,です","動詞,自立,五段・ワ行促音便,連用形,言う,助動詞,*,特殊・マス,連用形,ます,助動詞,*,特殊・タ,基本形,た","動詞,自立,五段・ワ行促音便,連用タ接続,言う,助動詞,*,特殊・タ,基本形,た,助動詞,*,特殊・デス,基本形,です","1,0,0,0,0,1,-1,1,1,1,1,-1,1,1,1",[2],"[[0, 0]]","[[1, 2]]",[],[1],
token183,Token,"買い,たい,と","買い,たい,だ,と","動詞,自立,五段・ワ行促音便,連用形,買う,助動詞,*,特殊・タイ,基本形,たい,助詞,格助詞,*,*,と","動詞,自立,五段・ワ行促音便,連用形,買う,助動詞,*,特殊・タイ,基本形,たい,助動詞,*,特殊・ダ,基本形,だ,助詞,接続助詞,*,*,と","1,0,0,0,0,1,-1,1,1,1,1,1,-1,-1,1",[2],"[[3, 2]]","[[0, 0], [1, 1]]",[],[],
token184,Token,"買い,ます","買い,し,ます","動詞,自立,五段・ワ行促音便,連用形,買う,助動詞,*,特殊・マス,基本形,ます","動詞,自立,五段・ワ行促音便,連用形,買う,動詞,自立,サ変・スル,連用形,する,助動詞,*,特殊・マス,基本形,ます","1,0,0,0,0,1,-1,1,0,1",[1],[],"[[0, 0], [2, 1]]",[],[],
token185,Token,"買い,まし,た","買い,し,た","動詞,自立,五段・ワ行促音便,連用形,買う,助動詞,*,特殊・マス,連用形,ます,助動詞,*,特殊・タ,基本形,た","動詞,自立,五段・ワ行促音便,連用形,買う,動詞,自立,サ変・スル,連用形,する,助動詞,*,特殊・タ,基本形,た","1,0,0,0,0,1,-1,1,1,1,1,-1,1,0,1",[],[],"[[0, 0], [2, 2]]","[[1, 1]]",[],
token186,Token,"テスト,が,ある","テスト,が,いる","名詞,サ変接続,*,*,テスト,助詞,格助詞,*,*,が,動詞,自立,五段・ラ行,基本形,ある","名詞,サ変接続,*,*,テスト,助詞,格助詞,*,*,が,動詞,自立,一段,基本形,いる","1,0,-1,-1,0,1,0,-1,-1,0,1,0,1,0,1",[],[],"[[0, 0], [1, 1]]","[[2, 2]]",[],
token187,Token,"勉強,する","勉強,と,する","名詞,サ変接続,*,*,勉強,動詞,自立,サ変・スル,基本形,する","名詞,サ変接続,*,*,勉強,助詞,格助詞,*,*,と,動詞,自立,サ変・スル,基本形,する","1,0,0,0,0,1,0,0,0,0",[1],[],"[[0, 0], [2, 1]]",[],[],
token188,Token,"勉強,し,ない","勉強,する,じゃ,ない","名詞,サ変接続,*,*,勉強,動詞,自立,サ変・スル,未然形,する,助動詞,*,特殊・ナイ,基本形,ない","名詞,サ変接続,*,*,勉強,動詞,自立,サ変・スル,基本形,する,助詞,副助詞,*,*,じゃ,助動詞,*,特殊・ナイ,基本形,ない","0,0,0,0,0,1,0,0,1,0,1,-1,1,0,1",[2],"[[1, 1]]","[[0, 0], [3, 2]]",[],[],
token189,Token,"勉強,し,て,ください","勉強,ください","名詞,サ変接続,*,*,勉強,動詞,自立,サ変・スル,連用形,する,助詞,接続助詞,*,*,て,動詞,非自立,五段・ラ行特殊,命令ｉ,くださる","名詞,サ変接続,*,*,勉強,動詞,非自立,五段・ラ行特殊,命令ｉ,くださる","1,1,-1,-1,0,1,1,1,1,1,1,1,-1,-1,1,1,0,0,0,0",[],[],"[[0, 0], [1, 3]]",[],"[1, 2]",
token190,Token,"宿題,を,明日","宿題,が,明日","名詞,サ変接続,*,*,宿題,助詞,格助詞,*,*,を,名詞,副詞可能,*,*,明日","名詞,サ変接続,*,*,宿題,助詞,格助詞,*,*,が,名詞,副詞可能,*,*,明日","1,0,-1,-1,0,1,1,-1,-1,1,1,0,-1,-1,0",[1],[],"[[0, 0], [2, 2]]",[],[1],
token191,Token,"授業,が,始まる","授業,が,始める","名詞,サ変接続,*,*,授業,助詞,格助詞,*,*,が,動詞,自立,五段・ラ行,基本形,始まる","名詞,サ変接続,*,*,授業,助詞,格助詞,*,*,が,動詞,自立,一段,基本形,始める","1,0,-1,-1,0,1,0,-1,-1,1,1,1,1,0,1",[],[],"[[0, 0], [1, 1]]","[[2, 2]]",[],
token192,Token,"授業,を,始める","授業,を,始まる","名詞,サ変接続,*,*,授業,助詞,格助詞,*,*,を,動詞,自立,一段,基本形,始める","名詞,サ変接続,*,*,授業,助詞,格助詞,*,*,を,動詞,自立,五段・ラ行,基本形,始まる","1,0,-1,-1,0,1,0,-1,-1,1,1,1,1,0,1",[],[],"[[0, 0], [1, 1]]","[[2, 2]]",[],
token193,Token,"携帯,で,写真","携帯,が,写真","名詞,サ変接続,*,*,携帯,助詞,格助詞,*,*,で,名詞,一般,*,*,写真","名詞,サ変接続,*,*,携帯,助詞,格助詞,*,*,が,名詞,一般,*,*,写真","1,0,-1,-1,0,1,1,-1,-1,1,1,0,-1,-1,0",[1],[],"[[0, 0], [2, 2]]",[],[1],
token194,Token,"病気,に,なる","病気,く,なる","名詞,サ変接続,*,*,病気,助詞,格助詞,*,*,に,動詞,自立,五段・ラ行,基本形,なる","名詞,サ変接続,*,*,病気,動詞,非自立,五段・カ行促音便,基本形,く,動詞,自立,五段・ラ行,基本形,なる","1,0,-1,-1,0,1,1,-1,-1,1,1,1,1,0,1",[1],[],"[[0, 0], [2, 2]]",[],[1],
token195,Token,"練習,する","練習,を,する","名詞,サ変接続,*,*,練習,動詞,自立,サ変・スル,基本形,する","名詞,サ変接続,*,*,練習,助詞,格助詞,*,*,を,動詞,自立,サ変・スル,基本形,する","1,1,0,0,0,1,0,0,0,1",[1],[],"[[0, 0], [2, 1]]",[],[],
token196,Token,"クラス,は,どう","クラス,どう","名詞,一般,*,*,クラス,助詞,係助詞,*,*,は,副詞,助詞類接続,*,*,どう","名詞,一般,*,*,クラス,副詞,助詞類接続,*,*,どう","1,0,-1,-1,0,1,1,-1,-1,1,1,1,-1,-1,0",[],[],"[[0, 0], [1, 2]]",[],[1],
token197,Token,"すすめ,し,ます","すすめ,ます","名詞,一般,*,*,すすめ,動詞,自立,サ変・スル,連用形,する,助動詞,*,特殊・マス,基本形,ます","動詞,自立,一段,連用形,すすめる,助動詞,*,特殊・マス,基本形,ます","1,0,-1,-1,0,1,1,1,1,1,1,-1,1,0,1",[],[],"[[0, 0], [1, 2]]",[],[1],
token198,Token,"そば,を,食べる","そば,に,食べる","名詞,一般,*,*,そば,助詞,格助詞,*,*,を,動詞,自立,一段,基本形,食べる","名詞,一般,*,*,そば,助詞,格助詞,*,*,に,動詞,自立,一段,基本形,食べる","1,0,-1,-1,0,1,1,-1,-1,1,1,0,0,0,0",[1],[],"[[0, 0], [2, 2]]",[],[1],
token199,Token,"バス,に,乗る","バス,を,乗る","名詞,一般,*,*,バス,助詞,格助詞,*,*,に,動詞,自立,五段・ラ行,基本形,乗る","名詞,一般,*,*,バス,助詞,格助詞,*,*,を,動詞,自立,五段・ラ行,基本形,乗る","1,0,-1,-1,0,1,1,-1,-1,1,1,0,0,0,0",[1],[],"[[0, 0], [2, 2]]",[],[1],
token200,Token,"バス停,で,待つ","バス停,を,待つ","名詞,一般,*,*,バス停,助詞,格助詞,*,*,で,動詞,自立,五段・タ行,基本形,待つ","名詞,一般,*,*,バス停,助詞,格助詞,*,*,を,動詞,自立,五段・タ行,基本形,待つ","1,0,-1,-1,0,1,1,-1,-1,1,1,0,0,0,0",[1],[],"[[0, 0], [2, 2]]",[],[1],
token201,Token,"パソコン,の,操作","パソコン,を,操作","名詞,一般,*,*,パソコン,助詞,連体化,*,*,の,名詞,サ変接続,*,*,操作","名詞,一般,*,*,パソコン,助詞,格助詞,*,*,を,名詞,サ変接続,*,*,操作","1,0,-1,-1,0,1,1,-1,-1,1,1,0,-1,-1,0",[1],[],"[[0, 0], [2, 2]]",[],[1],
token202,Token,"一人,い,ます","一人,あり,ます","名詞,一般,*,*,一人,動詞,自立,一段,連用形,いる,助動詞,*,特殊・マス,基本形,ます","名詞,一般,*,*,一人,動詞,自立,五段・ラ行,連用形,ある,助動詞,*,特殊・マス,基本形,ます","0,0,-1,-1,0,1,0,0,1,1,0,-1,0,0,1",[],[],"[[0, 0], [2, 2]]","[[1, 1]]",[],
token203,Token,"人,と,人,は","人,と,人,も","名詞,一般,*,*,人,助詞,並立助詞,*,*,と,名詞,一般,*,*,人,助詞,係助詞,*,*,は","名詞,一般,*,*,人,助詞,係助詞,*,*,も,名詞,一般,*,*,人,助詞,係助詞,*,*,も","1,0,-1,-1,0,1,1,-1,-1,1,1,0,-1,-1,0,1,1,-1,-1,1",[3],[],"[[0, 0], [1, 1], [2, 2]]",[],[3],
token204,Token,"人,も,人,も","人,と,人,も","名詞,一般,*,*,人,助詞,係助詞,*,*,も,名詞,一般,*,*,人,助詞,係助詞,*,*,も","名詞,一般,*,*,人,助詞,係助詞,*,*,も,名詞,一般,*,*,人,助詞,係助詞,*,*,も","1,0,-1,-1,0,1,1,-1,-1,1,1,0,-1,-1,0,1,1,-1,-1,1",[1],[],"[[0, 0], [2, 2], [3, 3]]",[],[1],
token205,Token,"人,も,人,も","人,も,人,を","名詞,一般,*,*,人,助詞,係助詞,*,*,も,名詞,一般,*,*,人,助詞,係助詞,*,*,も","名詞,一般,*,*,人,助詞,係助詞,*,*,も,名詞,一般,*,*,人,助詞,格助詞,*,*,を","1,0,-1,-1,0,1,1,-1,-1,1,1,0,-1,-1,0,1,1,-1,-1,1",[3],[],"[[0, 0], [1, 1], [2, 2]]",[],[3],
token206,Token,"人,かも","人,だ,かも","名詞,一般,*,*,人,助詞,副助詞,*,*,かも","名詞,一般,*,*,人,助動詞,*,特殊・ダ,基本形,だ,助詞,副助詞,*,*,かも","1,0,-1,-1,0,1,1,-1,-1,1",[1],[],"[[0, 0], [2, 1]]",[],[],
token207,Token,"人,が,いる","人,いる","名詞,一般,*,*,人,助詞,格助詞,*,*,が,動詞,自立,一段,基本形,いる","名詞,一般,*,*,人,動詞,自立,一段,基本形,いる","0,0,-1,-1,0,1,1,-1,-1,1,1,0,1,0,1",[],[],"[[0, 0], [1, 2]]",[],[1],
token208,Token,"人,が,いる","人,が,ある","名詞,一般,*,*,人,助詞,格助詞,*,*,が,動詞,自立,一段,基本形,いる","名詞,一般,*,*,人,助詞,格助詞,*,*,が,動詞,自立,五段・ラ行,基本形,ある","1,0,-1,-1,0,1,0,-1,-1,0,1,0,1,0,1",[],[],"[[0, 0], [1, 1]]","[[2, 2]]",[],
token209,Token,"人,が,い,なかっ","人,が,なかっ","名詞,一般,*,*,人,助詞,格助詞,*,*,が,動詞,自立,一段,未然形,いる,助動詞,*,特殊・ナイ,連用タ接続,ない","名詞,一般,*,*,人,助詞,格助詞,*,*,が,形容詞,自立,形容詞・アウオ段,連用タ接続,ない","1,0,-1,-1,0,1,0,-1,-1,0,1,0,1,1,1,0,0,0,0,1",[],[],"[[0, 0], [1, 1], [2, 3]]",[],[2],
token210,Token,"人,が,い","人,が,あっ","名詞,一般,*,*,人,助詞,格助詞,*,*,が,動詞,自立,一段,連用形,いる","名詞,一般,*,*,人,助詞,格助詞,*,*,が,動詞,自立,五段・ラ行,連用タ接続,ある","1,0,-1,-1,0,1,0,-1,-1,0,1,0,1,1,1",[],[],"[[0, 0], [1, 1]]","[[2, 2]]",[],
token211,Token,"会社,に,勤める","会社,と,勤める","名詞,一般,*,*,会社,助詞,格助詞,*,*,に,動詞,自立,一段,基本形,勤める","名詞,一般,*,*,会社,助詞,格助詞,*,*,と,動詞,自立,一段,基本形,勤める","1,0,-1,-1,0,1,1,-1,-1,1,1,0,0,0,0",[1],[],"[[0, 0], [2, 2]]",[],[1],
token212,Token,"冬,だ,から","冬,から","名詞,一般,*,*,冬,助動詞,*,特殊・ダ,基本形,だ,助詞,接続助詞,*,*,から","名詞,一般,*,*,冬,助詞,格助詞,*,*,から","1,0,-1,-1,0,1,-1,1,1,1,1,1,-1,-1,1",[],[],"[[0, 0], [1, 2]]",[],[1],
token213,Token,"冬,に,スキー","冬,で,スキー","名詞,一般,*,*,冬,助詞,格助詞,*,*,に,名詞,一般,*,*,スキー","名詞,一般,*,*,冬,助詞,格助詞,*,*,で,名詞,一般,*,*,スキー","1,0,-1,-1,0,1,1,-1,-1,1,1,0,-1,-1,0",[1],[],"[[0, 0], [2, 2]]",[],[1],
token214,Token,"図書館,で,読む","図書館,に,読む","名詞,一般,*,*,図書館,助詞,格助詞,*,*,で,動詞,自立,五段・マ行,基本形,読む","名詞,一般,*,*,図書館,助詞,格助詞,*,*,に,動詞,自立,五段・マ行,基本形,読む","1,0,-1,-1,0,1,1,-1,-1,1,1,0,0,0,0",[1],[],"[[0, 0], [2, 2]]",[],[1],
token215,Token,"図書館,で,勉強","図書館,に,勉強","名詞,一般,*,*,図書館,助詞,格助詞,*,*,で,名詞,サ変接続,*,*,勉強","名詞,一般,*,*,図書館,助詞,格助詞,*,*,に,名詞,サ変接続,*,*,勉強","1,0,-1,-1,0,1,1,-1,-1,1,1,0,-1,-1,0",[1],[],"[[0, 0], [2, 2]]",[],[1],
token216,Token,"図書館,で,勉強","図書館,は,勉強","名詞,一般,*,*,図書館,助詞,格助詞,*,*,で,名詞,サ変接続,*,*,勉強","名詞,一般,*,*,図書館,助詞,係助詞,*,*,は,名詞,サ変接続,*,*,勉強","1,0,-1,-1,0,1,0,-1,-1,1,1,0,-1,-1,0",[1],[],"[[0, 0], [2, 2]]",[],[1],
token217,Token,"図書館,に,行く","図書館,で,行く","名詞,一般,*,*,図書館,助詞,格助詞,*,*,に,動詞,自立,五段・カ行促音便,基本形,行く","名詞,一般,*,*,図書館,助詞,格助詞,*,*,で,動詞,自立,五段・カ行促音便,基本形,行く","0,0,-1,-1,0,1,1,-1,-1,1,1,0,0,0,0",[1],[],"[[0, 0], [2, 2]]",[],[1],
token218,Token,"図書館,に,行く","図書館,行く","名詞,一般,*,*,図書館,助詞,格助詞,*,*,に,動詞,自立,五段・カ行促音便,基本形,行く","名詞,一般,*,*,図書館,動詞,自立,五段・カ行促音便,基本形,行く","0,0,-1,-1,0,1,1,-1,-1,1,1,0,0,0,0",[],[],"[[0, 0], [1, 2]]",[],[1],
token219,Token,"大学,を,卒業","大学,から,卒業","名詞,一般,*,*,大学,助詞,格助詞,*,*,を,名詞,サ変接続,*,*,卒業","名詞,一般,*,*,大学,助詞,格助詞,*,*,から,名詞,サ変接続,*,*,卒業","1,0,-1,-1,0,1,1,-1,-1,1,1,0,-1,-1,0",[1],[],"[[0, 0], [2, 2]]",[],[1],
token220,Token,"妹,は,医者","妹,を,医者","名詞,一般,*,*,妹,助詞,係助詞,*,*,は,名詞,一般,*,*,医者","名詞,一般,*,*,妹,助詞,格助詞,*,*,を,名詞,一般,*,*,医者","1,0,0,0,0,1,1,-1,-1,1,1,0,0,0,0",[1],[],"[[0, 0], [2, 2]]",[],[1],
token221,Token,"学校,は,どこ","学校,に,どこ","名詞,一般,*,*,学校,助詞,係助詞,*,*,は,名詞,代名詞,*,*,どこ","名詞,一般,*,*,学校,助詞,格助詞,*,*,に,名詞,代名詞,*,*,どこ","1,0,-1,-1,0,1,1,-1,-1,1,1,1,-1,-1,1",[1],[],"[[0, 0], [2, 2]]",[],[1],
token222,Token,"学生,な,ので","学生,だ,ので","名詞,一般,*,*,学生,助動詞,*,特殊・ダ,体言接続,だ,助詞,接続助詞,*,*,ので","名詞,一般,*,*,学生,助動詞,*,特殊・ダ,基本形,だ,助詞,接続助詞,*,*,ので","1,0,-1,-1,0,1,-1,1,1,1,1,1,-1,-1,1",[1],[],"[[0, 0], [2, 2]]",[],[1],
token223,Token,"学生,だろ","学生,な,だろ","名詞,一般,*,*,学生,助動詞,*,特殊・ダ,未然形,だ","名詞,一般,*,*,学生,助動詞,*,特殊・ダ,体言接続,だ,助動詞,*,特殊・タ,未然形,だ","1,0,-1,-1,0,1,-1,0,1,0",[1],[],"[[0, 0], [2, 1]]",[],[],
token224,Token,"学生,は,並ぶ","学生,を,並ぶ","名詞,一般,*,*,学生,助詞,係助詞,*,*,は,動詞,自立,五段・バ行,基本形,並ぶ","名詞,一般,*,*,学生,助詞,格助詞,*,*,を,動詞,自立,五段・バ行,基本形,並ぶ","1,0,-1,-1,0,1,1,-1,-1,1,1,0,0,0,0",[1],[],"[[0, 0], [2, 2]]",[],[1],
token225,Token,"学生,の,時","学生,な,時","名詞,一般,*,*,学生,助詞,連体化,*,*,の,名詞,非自立,*,*,時","名詞,一般,*,*,学生,助動詞,*,特殊・ダ,体言接続,だ,名詞,非自立,*,*,時","1,0,-1,-1,0,1,-1,1,1,1,1,0,-1,-1,0",[1],[],"[[0 ,0], [2, 2]]",[],[1],
token226,Token,"寿司,が,食べる","寿司,で,食べる","名詞,一般,*,*,寿司,助詞,格助詞,*,*,が,動詞,自立,一段,基本形,食べる","名詞,一般,*,*,寿司,助詞,格助詞,*,*,で,動詞,自立,一段,基本形,食べる","1,0,-1,-1,0,1,1,-1,-1,1,1,0,0,0,0",[1],[],"[[0, 0], [2, 2]]",[],[1],
token227,Token,"寿司,を,食べる","寿司,で,食べる","名詞,一般,*,*,寿司,助詞,格助詞,*,*,を,動詞,自立,一段,基本形,食べる","名詞,一般,*,*,寿司,助詞,格助詞,*,*,で,動詞,自立,一段,基本形,食べる","1,0,-1,-1,0,1,1,-1,-1,1,1,0,0,0,0",[1],[],"[[0, 0], [2, 2]]",[],[1],
token228,Token,"感じ,が,悪い","感じ,の,悪い","名詞,一般,*,*,感じ,助詞,格助詞,*,*,が,形容詞,自立,形容詞・アウオ段,基本形,悪い","名詞,一般,*,*,感じ,助詞,連体化,*,*,の,形容詞,自立,形容詞・アウオ段,基本形,悪い","1,0,0,0,0,1,1,-1,-1,1,1,0,0,0,0",[1],[],"[[0 ,0], [2, 2]]",[],[1],
token229,Token,"新幹線,で,大阪","新幹線,を,大阪","名詞,一般,*,*,新幹線,助詞,格助詞,*,*,で,名詞,固有名詞,*,*,大阪","名詞,一般,*,*,新幹線,助詞,格助詞,*,*,を,名詞,固有名詞,*,*,大阪","1,0,-1,-1,0,1,1,-1,-1,1,1,0,-1,-1,0",[1],[],"[[0, 0], [2, 2]]",[],[1],
token230,Token,"日本語,が,上手","日本語,を,上手","名詞,一般,*,*,日本語,助詞,格助詞,*,*,が,名詞,形容動詞語幹,*,*,上手","名詞,一般,*,*,日本語,助詞,格助詞,*,*,を,名詞,形容動詞語幹,*,*,上手","1,0,-1,-1,0,1,1,-1,-1,1,1,0,-1,-1,0",[1],[],"[[0, 0], [2, 2]]",[],[1],
token231,Token,"本,が,ある","本,ある","名詞,一般,*,*,本,助詞,格助詞,*,*,が,動詞,自立,五段・ラ行,基本形,ある","名詞,一般,*,*,本,動詞,自立,五段・ラ行,基本形,ある","0,0,-1,-1,0,1,1,-1,-1,1,1,0,1,0,1",[],[],"[[0, 0], [1, 2]]",[],[1],
token232,Token,"本,が,あり,ます","本,です","名詞,一般,*,*,本,助詞,格助詞,*,*,が,動詞,自立,五段・ラ行,連用形,ある,助動詞,*,特殊・マス,基本形,ます","名詞,一般,*,*,本,助動詞,*,特殊・デス,基本形,です","1,0,-1,-1,0,1,1,-1,-1,1,1,0,0,1,0,1,-1,1,0,1",[],[],"[[0, 0]]","[[1, 3]]","[1, 2]",
token233,Token,"机,と,本","机,に,本","名詞,一般,*,*,机,助詞,並立助詞,*,*,と,名詞,一般,*,*,本","名詞,一般,*,*,机,助詞,格助詞,*,*,に,名詞,一般,*,*,本","1,0,-1,-1,0,1,1,-1,-1,1,1,0,-1,-1,0",[1],[],"[[0, 0], [2, 2]]",[],[1],
token234,Token,"水,も","水,を,も","名詞,一般,*,*,水,助詞,係助詞,*,*,も","名詞,一般,*,*,水,助詞,格助詞,*,*,を,助詞,係助詞,*,*,も","1,0,-1,-1,0,1,1,-1,-1,1",[1],[],"[[0, 0], [2, 1]]",[],[],
token235,Token,"水,で,も","水,を,も","名詞,一般,*,*,水,助詞,格助詞,*,*,で,助詞,係助詞,*,*,も","名詞,一般,*,*,水,助詞,格助詞,*,*,を,助詞,係助詞,*,*,も","1,0,-1,-1,0,1,1,-1,-1,1,1,1,-1,-1,1",[1],[],"[[0, 0], [2, 2]]",[],[1],
token236,Token,"窓,を,開く","窓,は,開く","名詞,一般,*,*,窓,助詞,格助詞,*,*,を,動詞,自立,五段・カ行イ音便,基本形,開く","名詞,一般,*,*,窓,助詞,係助詞,*,*,は,動詞,自立,五段・カ行イ音便,基本形,開く","1,0,-1,-1,0,1,1,-1,-1,1,1,0,0,0,0",[1],[],"[[0, 0], [2, 2]]",[],[1],
token237,Token,"銀行,は,どこ","銀行,が,どこ","名詞,一般,*,*,銀行,助詞,係助詞,*,*,は,名詞,代名詞,*,*,どこ","名詞,一般,*,*,銀行,助詞,格助詞,*,*,が,名詞,代名詞,*,*,どこ","1,0,-1,-1,0,1,1,-1,-1,0,1,0,-1,-1,0",[1],[],"[[0, 0], [2, 2]]",[],[1],
token238,Token,"雨,でしょ","雨,だ,でしょ","名詞,一般,*,*,雨,助動詞,*,特殊・デス,未然形,です","名詞,一般,*,*,雨,助動詞,*,特殊・ダ,基本形,だ,助動詞,*,特殊・デス,未然形,です","1,0,-1,-1,0,1,-1,1,0,1",[1],[],"[[0, 0], [2, 1]]",[],[],
token239,Token,"食べ物,は,ケーキ","食べ物,ケーキ","名詞,一般,*,*,食べ物,助詞,係助詞,*,*,は,名詞,一般,*,*,ケーキ","名詞,一般,*,*,食べ物,名詞,一般,*,*,ケーキ","1,0,0,0,0,1,1,-1,-1,1,1,0,0,0,0",[],[],"[[0, 0], [1, 2]]",[],[1],
token240,Token,"あそこ,に",あそこ,"名詞,代名詞,*,*,あそこ,助詞,格助詞,*,*,に","名詞,代名詞,*,*,あそこ","1,1,-1,-1,1,1,1,-1,-1,1",[],[],"[[0, 0]]",[],[1],
token241,Token,"あそこ,の,会社","あそこ,会社","名詞,代名詞,*,*,あそこ,助詞,連体化,*,*,の,名詞,一般,*,*,会社","名詞,代名詞,*,*,あそこ,名詞,一般,*,*,会社","1,1,-1,-1,1,1,1,-1,-1,1,1,0,-1,-1,0",[],[],"[[0, 0], [1, 2]]",[],[1],
token242,Token,"あれ,は","あの,は","名詞,代名詞,*,*,あれ,助詞,係助詞,*,*,は","連体詞,*,*,*,あの,助詞,係助詞,*,*,は","1,1,-1,-1,1,1,0,-1,-1,0",[0],[],"[[1, 1]]",[],[0],
token243,Token,"いつ,行く","いつ,に,行く","名詞,代名詞,*,*,いつ,動詞,自立,五段・カ行促音便,基本形,行く","名詞,代名詞,*,*,いつ,助詞,格助詞,*,*,に,動詞,自立,五段・カ行促音便,基本形,行く","1,1,-1,-1,0,1,0,0,0,0",[1],[],"[[0, 0], [2, 1]]",[],[],
token244,Token,"これ,も","この,も","名詞,代名詞,*,*,これ,助詞,係助詞,*,*,も","連体詞,*,*,*,この,助詞,係助詞,*,*,も","1,1,-1,-1,1,1,0,-1,-1,0",[0],[],"[[1, 1]]",[],[0],
token245,Token,"それ,は","その,は","名詞,代名詞,*,*,それ,助詞,係助詞,*,*,は","連体詞,*,*,*,その,助詞,係助詞,*,*,は","1,1,-1,-1,1,1,0,-1,-1,0",[0],[],"[[1, 1]]",[],[0],
token246,Token,"どこ,に,ある","どれ,に,ある","名詞,代名詞,*,*,どこ,助詞,格助詞,*,*,に,動詞,自立,五段・ラ行,基本形,ある","名詞,代名詞,*,*,どれ,助詞,格助詞,*,*,に,動詞,自立,五段・ラ行,基本形,ある","1,1,-1,-1,1,1,1,-1,-1,1,1,0,0,0,0",[0],[],"[[1, 1], [2, 2]]",[],[0],
token247,Token,"なん,で","なに,で","名詞,代名詞,*,*,なん,助詞,格助詞,*,*,で","名詞,代名詞,*,*,なに,助詞,格助詞,*,*,で","0,0,-1,-1,1,1,0,-1,-1,0",[0],[],"[[1, 1]]",[],[0],
token248,Token,"彼,は,うるさい","彼,に,うるさい","名詞,代名詞,*,*,彼,助詞,係助詞,*,*,は,形容詞,自立,形容詞・アウオ段,基本形,うるさい","名詞,代名詞,*,*,彼,助詞,格助詞,*,*,に,形容詞,自立,形容詞・アウオ段,基本形,うるさい","1,0,-1,-1,0,1,1,-1,-1,1,1,0,0,0,0",[1],[],"[[0, 0], [2, 2]]",[],[1],
token249,Token,"彼,が,うるさい","彼,に,うるさい","名詞,代名詞,*,*,彼,助詞,格助詞,*,*,が,形容詞,自立,形容詞・アウオ段,基本形,うるさい","名詞,代名詞,*,*,彼,助詞,格助詞,*,*,に,形容詞,自立,形容詞・アウオ段,基本形,うるさい","1,0,-1,-1,0,1,1,-1,-1,1,1,0,0,0,0",[1],[],"[[0, 0], [2, 2]]",[],[1],
token250,Token,"彼,の,もの","彼,が,もの","名詞,代名詞,*,*,彼,助詞,連体化,*,*,の,名詞,非自立,*,*,もの","名詞,代名詞,*,*,彼,助詞,格助詞,*,*,が,名詞,一般,*,*,もの","1,0,-1,-1,0,1,1,-1,-1,1,1,0,-1,-1,0",[1],"[[2, 2]]","[[0, 0]]",[],[1],
token251,Token,"彼,の,もの,です","彼,もの,です","名詞,代名詞,*,*,彼,助詞,連体化,*,*,の,名詞,非自立,*,*,もの,助動詞,*,特殊・デス,基本形,です","名詞,代名詞,*,*,彼,名詞,非自立,*,*,もの,助動詞,*,特殊・デス,基本形,です","1,0,-1,-1,0,1,1,-1,-1,1,1,0,-1,-1,0,1,-1,1,0,1",[],[],"[[0, 0], [1, 2], [2, 3]]",[],[1],
token252,Token,"彼女,と,歌う","彼女,を,歌う","名詞,代名詞,*,*,彼女,助詞,格助詞,*,*,と,動詞,自立,五段・ワ行促音便,基本形,歌う","名詞,代名詞,*,*,彼女,助詞,格助詞,*,*,を,動詞,自立,五段・ワ行促音便,基本形,歌う","1,0,-1,-1,0,1,1,-1,-1,1,1,0,0,0,0",[1],[],"[[0, 0], [2, 2]]",[],[1],
token253,Token,"彼女,と,歌","彼女,を,歌","名詞,代名詞,*,*,彼女,助詞,格助詞,*,*,と,名詞,一般,*,*,歌","名詞,代名詞,*,*,彼女,助詞,格助詞,*,*,を,名詞,一般,*,*,歌","1,0,-1,-1,0,1,0,-1,-1,1,1,0,-1,-1,0",[1],[],"[[0, 0], [2, 2]]",[],[1],
token254,Token,"私,です","私,は,です","名詞,代名詞,*,*,私,助動詞,*,特殊・デス,基本形,です","名詞,代名詞,*,*,私,助詞,係助詞,*,*,は,助動詞,*,特殊・デス,基本形,です","1,0,-1,-1,0,1,-1,1,0,1",[1],[],"[[0, 0], [2, 1]]",[],[],
token255,Token,"私,の,友達","私,は,友達","名詞,代名詞,*,*,私,助詞,連体化,*,*,の,名詞,一般,*,*,友達","名詞,代名詞,*,*,私,助詞,係助詞,*,*,は,名詞,一般,*,*,友達","1,0,-1,-1,0,1,1,-1,-1,0,1,1,-1,-1,0",[1],[],"[[0, 0], [2, 2]]",[],[1],
token256,Token,"私,の,犬","私,に,犬","名詞,代名詞,*,*,私,助詞,連体化,*,*,の,名詞,一般,*,*,犬","名詞,代名詞,*,*,私,助詞,格助詞,*,*,に,名詞,一般,*,*,犬","1,0,-1,-1,0,1,1,-1,-1,1,1,0,-1,-1,0",[1],[],"[[0, 0], [2, 2]]",[],[1],
token257,Token,"誰,に,も","誰,も","名詞,代名詞,*,*,誰,助詞,格助詞,*,*,に,助詞,係助詞,*,*,も","名詞,代名詞,*,*,誰,助詞,係助詞,*,*,も","1,0,-1,-1,0,1,1,-1,-1,0,1,1,-1,-1,0",[],[],"[[0, 0], [1, 2]]",[],[1],
token258,Token,"誰,に,いる","誰,は,いる","名詞,代名詞,*,*,誰,助詞,格助詞,*,*,に,動詞,自立,五段・ラ行,基本形,いる","名詞,代名詞,*,*,誰,助詞,係助詞,*,*,は,動詞,自立,一段,基本形,いる","1,0,-1,-1,0,1,1,-1,-1,1,1,0,0,0,1",[1],[],"[[0, 0], [2, 2]]",[],[1],
token259,Token,"いつか,で,いい","いつか,いい","名詞,副詞可能,*,*,いつか,助動詞,*,特殊・ダ,連用形,だ,形容詞,非自立,形容詞・イイ,基本形,いい","名詞,副詞可能,*,*,いつか,形容詞,自立,形容詞・イイ,基本形,いい","0,0,-1,-1,0,1,-1,1,1,1,1,0,0,0,0",[],[],"[[0, 0], [1, 2]]",[],[1],
token260,Token,"たくさん,の,ところ","たくさん,ところ","名詞,副詞可能,*,*,たくさん,助詞,連体化,*,*,の,名詞,非自立,*,*,ところ","名詞,副詞可能,*,*,たくさん,名詞,非自立,*,*,ところ","1,1,-1,-1,1,1,1,-1,-1,1,1,0,-1,-1,0",[],[],"[[0, 0], [1, 2]]",[],[1],
token261,Token,"今日,は","今日,に","名詞,副詞可能,*,*,今日,助詞,係助詞,*,*,は","名詞,副詞可能,*,*,今日,助詞,格助詞,*,*,に","1,1,-1,-1,0,1,1,-1,-1,1",[1],[],"[[0, 0]]",[],[1],
token262,Token,"前,に","前,は","名詞,副詞可能,*,*,前,助詞,格助詞,*,*,に","名詞,副詞可能,*,*,前,助詞,格助詞,*,*,は","1,1,-1,-1,0,1,1,-1,-1,1",[1],[],"[[0, 0]]",[],[1],
token263,Token,"前,に","前,が","名詞,副詞可能,*,*,前,助詞,格助詞,*,*,に","名詞,副詞可能,*,*,前,助詞,格助詞,*,*,が","1,1,-1,-1,0,1,1,-1,-1,1",[1],[],"[[0, 0]]",[],[1],
token264,Token,"土曜日,に","土曜日,を","名詞,副詞可能,*,*,土曜日,助詞,格助詞,*,*,に","名詞,副詞可能,*,*,土曜日,助詞,格助詞,*,*,を","1,1,-1,-1,0,1,1,-1,-1,1",[1],[],"[[0, 0]]",[],[1],
token265,Token,"時間,が","時間,に","名詞,副詞可能,*,*,時間,助詞,格助詞,*,*,が","名詞,副詞可能,*,*,時間,助詞,格助詞,*,*,に","1,1,-1,-1,0,1,1,-1,-1,1",[1],[],"[[0, 0]]",[],[1],
token266,Token,"月曜日,に","月曜日,の","名詞,副詞可能,*,*,月曜日,助詞,格助詞,*,*,に","名詞,副詞可能,*,*,月曜日,助詞,連体化,*,*,の","1,1,-1,-1,0,1,1,-1,-1,1",[1],[],"[[0, 0]]",[],[1],
token267,Token,"三個,あり,ます","三個,い,ます","名詞,固有名詞,*,*,三個,動詞,自立,五段・ラ行,連用形,ある,助動詞,*,特殊・マス,基本形,ます","名詞,固有名詞,*,*,三個,動詞,自立,一段,連用形,いる,助動詞,*,特殊・マス,基本形,ます","0,0,-1,-1,0,1,0,0,1,1,0,-1,0,0,1",[],[],"[[0, 0], [2, 2]]","[[1, 1]]",[],
token268,Token,"新宿,も,渋谷,も","新宿,も,渋谷,は","名詞,固有名詞,*,*,新宿,助詞,係助詞,*,*,も,名詞,固有名詞,*,*,渋谷,助詞,係助詞,*,*,も","名詞,固有名詞,*,*,新宿,助詞,係助詞,*,*,も,名詞,固有名詞,*,*,渋谷,助詞,係助詞,*,*,は","1,0,-1,-1,0,1,1,-1,-1,1,1,0,-1,-1,0,1,1,-1,-1,1",[3],[],"[[0, 0], [1, 1], [2, 2]]",[],[3],
token269,Token,"東京,に,行く","東京,が,行く","名詞,固有名詞,*,*,東京,助詞,格助詞,*,*,に,動詞,自立,五段・カ行促音便,基本形,行く","名詞,固有名詞,*,*,東京,助詞,格助詞,*,*,が,動詞,自立,五段・カ行促音便,基本形,行く","0,0,-1,-1,0,1,1,-1,-1,1,1,0,0,0,0",[1],[],"[[0, 0], [2, 2]]",[],[1],
token270,Token,"便利,な,ので","便利,な,だから","名詞,形容動詞語幹,*,*,便利,助動詞,*,特殊・ダ,体言接続,だ,助詞,接続助詞,*,*,ので","名詞,形容動詞語幹,*,*,便利,助動詞,*,特殊・ダ,体言接続,だ,接続詞,*,*,*,だから","1,0,-1,-1,0,1,-1,1,1,1,1,1,-1,-1,1",[2],[],"[[0, 0], [1, 1]]",[],[2],
token271,Token,"便利,だ","便利,い,だ","名詞,形容動詞語幹,*,*,便利,助動詞,*,特殊・ダ,基本形,だ","名詞,形容動詞語幹,*,*,便利,動詞,非自立,一段,連用形,いる,助動詞,*,特殊・タ,基本形,だ","1,0,-1,-1,0,1,-1,1,0,1",[1],[],"[[0, 0], [2, 1]]",[],[],
token272,Token,"便利,で,は","便利,な","名詞,形容動詞語幹,*,*,便利,助動詞,*,特殊・ダ,連用形,だ,助詞,係助詞,*,*,は","名詞,形容動詞語幹,*,*,便利,助動詞,*,特殊・ダ,体言接続,だ","1,0,-1,-1,0,1,-1,1,1,1,1,1,-1,-1,1",[],"[[1, 1]]","[[0, 0]]",[],[2],
token273,Token,"便利,じゃ,ある","便利,な,ある","名詞,形容動詞語幹,*,*,便利,助詞,副助詞,*,*,じゃ,動詞,自立,五段・ラ行,基本形,ある","名詞,形容動詞語幹,*,*,便利,助動詞,*,特殊・ダ,体言接続,だ,動詞,自立,五段・ラ行,基本形,ある","1,1,-1,-1,0,0,0,-1,-1,1,0,0,0,0,0",[1],[],"[[0, 0], [2, 2]]",[],[1],
token274,Token,"元気,な,人","元気,の,人","名詞,形容動詞語幹,*,*,元気,助動詞,*,特殊・ダ,体言接続,だ,名詞,一般,*,*,人","名詞,形容動詞語幹,*,*,元気,助詞,連体化,*,*,の,名詞,一般,*,*,人","1,1,-1,-1,0,1,-1,1,1,1,1,0,-1,-1,0",[1],[],"[[0, 0], [2, 2]]",[],[1],
token275,Token,"元気,な,男","元気,で,男","名詞,形容動詞語幹,*,*,元気,助動詞,*,特殊・ダ,体言接続,だ,名詞,一般,*,*,男","名詞,形容動詞語幹,*,*,元気,助動詞,*,特殊・ダ,連用形,だ,名詞,一般,*,*,男","1,0,-1,-1,0,1,-1,1,1,1,1,0,0,0,0",[1],[],"[[0, 0], [2, 2]]",[],[1],
token276,Token,"元気,な,もの,です","元気,に,もの,です","名詞,形容動詞語幹,*,*,元気,助動詞,*,特殊・ダ,体言接続,だ,名詞,非自立,*,*,もの,助動詞,*,特殊・デス,基本形,です","名詞,形容動詞語幹,*,*,元気,助詞,副詞化,*,*,に,名詞,非自立,*,*,もの,助動詞,*,特殊・デス,基本形,です","1,0,-1,-1,0,1,-1,1,1,1,1,0,-1,-1,0,1,-1,1,0,1",[1],[],"[[0, 0], [2, 2], [3, 3]]",[],[1],
token277,Token,"元気,じゃ,ない","元気,く,ない","名詞,形容動詞語幹,*,*,元気,助詞,副助詞,*,*,じゃ,助動詞,*,特殊・ナイ,基本形,ない","名詞,形容動詞語幹,*,*,元気,動詞,非自立,五段・カ行促音便,基本形,く,助動詞,*,特殊・ナイ,基本形,ない","1,0,-1,-1,0,1,1,-1,-1,1,1,-1,1,0,1",[1],[],"[[0, 0], [2, 2]]",[],[1],
token278,Token,"元気,じゃ,ある","元気,に,ある","名詞,形容動詞語幹,*,*,元気,助詞,副助詞,*,*,じゃ,動詞,自立,五段・ラ行,基本形,ある","名詞,形容動詞語幹,*,*,元気,助詞,格助詞,*,*,に,動詞,自立,五段・ラ行,基本形,ある","1,0,-1,-1,0,0,0,-1,-1,1,0,0,0,0,1",[1],[],"[[0, 0], [2, 2]]",[],[1],
token279,Token,"好き,な,こと","好き,こと","名詞,形容動詞語幹,*,*,好き,助動詞,*,特殊・ダ,体言接続,だ,名詞,非自立,*,*,こと","名詞,形容動詞語幹,*,*,好き,名詞,非自立,*,*,こと","1,1,-1,-1,0,1,-1,1,1,1,1,0,-1,-1,0",[],[],"[[0, 0], [1, 2]]",[],[1],
token280,Token,"好き,だっ","好き,かっ","名詞,形容動詞語幹,*,*,好き,助動詞,*,特殊・ダ,連用タ接続,だ","名詞,形容動詞語幹,*,*,好き,動詞,自立,五段・ワ行促音便,連用タ接続,かう","1,1,-1,-1,0,1,-1,1,1,1",[],[],"[[0, 0]]","[[1, 1]]",[],
token281,Token,"好き,で,は,あり,ます","好き,ます","名詞,形容動詞語幹,*,*,好き,助動詞,*,特殊・ダ,連用形,だ,助詞,係助詞,*,*,は,動詞,自立,五段・ラ行,連用形,ある,助動詞,*,特殊・マス,基本形,ます","動詞,自立,五段・カ行イ音便,連用形,好く,助動詞,*,特殊・マス,基本形,ます","1,0,-1,-1,0,1,-1,1,1,1,1,1,-1,-1,1,1,1,1,1,1,1,-1,1,0,1",[],[],"[[0, 0], [1, 4]]",[],"[1, 2, 3]",
token282,Token,"好き,じゃ,ない","好き,ませ,ん","名詞,形容動詞語幹,*,*,好き,助詞,副助詞,*,*,じゃ,助動詞,*,特殊・ナイ,基本形,ない","名詞,形容動詞語幹,*,*,好き,助動詞,*,特殊・マス,未然形,ます,助動詞,*,不変化型,基本形,ん","1,0,-1,-1,0,1,1,-1,-1,1,1,-1,1,1,1","[1, 2]",[],"[[0, 0]]",[],"[1, 2]",
token283,Token,"好き,じゃ,ある","好き,ある","名詞,形容動詞語幹,*,*,好き,助詞,副助詞,*,*,じゃ,動詞,自立,五段・ラ行,基本形,ある","名詞,形容動詞語幹,*,*,好き,動詞,自立,五段・ラ行,基本形,ある","1,0,-1,-1,0,1,1,-1,-1,1,0,0,0,0,1",[],[],"[[0, 0], [1, 2]]",[],[1],
token284,Token,"好き,じゃ,あり,ます","好き,ます","名詞,形容動詞語幹,*,*,好き,助詞,副助詞,*,*,じゃ,動詞,自立,五段・ラ行,連用形,ある,助動詞,*,特殊・マス,基本形,ます","動詞,自立,五段・カ行イ音便,連用形,好く,助動詞,*,特殊・マス,基本形,ます","0,0,0,0,0,1,1,-1,-1,1,0,0,0,0,1,1,-1,0,0,0",[],[],"[[0, 0], [1, 3]]",[],"[1, 2]",
token285,Token,"暇,な,時","暇,だ,時","名詞,形容動詞語幹,*,*,暇,助動詞,*,特殊・ダ,体言接続,だ,名詞,非自立,*,*,時","名詞,一般,*,*,暇,助動詞,*,特殊・ダ,基本形,だ,名詞,非自立,*,*,時","1,0,0,0,0,1,-1,1,1,1,1,0,0,0,0",[1],[],"[[0, 0], [2, 2]]",[],[1],
token286,Token,"真剣,で","真剣,く,て","名詞,形容動詞語幹,*,*,真剣,助動詞,*,特殊・ダ,連用形,だ","名詞,形容動詞語幹,*,*,真剣,動詞,非自立,五段・カ行促音便,基本形,く,助詞,接続助詞,*,*,て","1,1,-1,-1,0,1,-1,1,1,1","[1, 2]",[],"[[0, 0]]",[],[1],
token287,Token,"穏やか,に","穏やか,く","名詞,形容動詞語幹,*,*,穏やか,助詞,副詞化,*,*,に","名詞,形容動詞語幹,*,*,穏やか,動詞,非自立,五段・カ行促音便,基本形,く","1,1,-1,-1,0,1,1,-1,-1,1",[1],[],"[[0, 0]]",[],[1],
token288,Token,"簡単,だ,から","簡単,な,から","名詞,形容動詞語幹,*,*,簡単,助動詞,*,特殊・ダ,基本形,だ,助詞,接続助詞,*,*,から","名詞,形容動詞語幹,*,*,簡単,助動詞,*,特殊・ダ,体言接続,だ,助詞,接続助詞,*,*,から","1,0,-1,-1,0,0,-1,0,0,1,1,1,-1,-1,1",[],"[[1, 1]]","[[0, 0], [2, 2]]",[],[1],
token289,Token,"簡単,で,は,ある","簡単,く,ある","名詞,形容動詞語幹,*,*,簡単,助動詞,*,特殊・ダ,連用形,だ,助詞,係助詞,*,*,は,動詞,自立,五段・ラ行,基本形,ある","名詞,形容動詞語幹,*,*,簡単,動詞,非自立,五段・カ行促音便,基本形,く,動詞,自立,五段・ラ行,基本形,ある","1,0,-1,-1,0,1,-1,1,1,1,1,1,-1,-1,1,1,1,1,0,1",[1],[],"[[0, 0], [2, 3]]",[],"[1, 2]",
token290,Token,"簡単,で,安い","簡単,と,安い","名詞,形容動詞語幹,*,*,簡単,助動詞,*,特殊・ダ,連用形,だ,形容詞,自立,形容詞・アウオ段,基本形,安い","名詞,形容動詞語幹,*,*,簡単,助詞,格助詞,*,*,と,形容詞,自立,形容詞・アウオ段,基本形,安い","1,0,-1,-1,0,1,-1,1,1,1,1,0,0,0,0",[1],[],"[[0, 0], [2, 2]]",[],[1],
token291,Token,"簡単,でし,た","簡単,まし,た","名詞,形容動詞語幹,*,*,簡単,助動詞,*,特殊・デス,連用形,です,助動詞,*,特殊・タ,基本形,た","名詞,形容動詞語幹,*,*,簡単,助動詞,*,特殊・マス,連用形,ます,助動詞,*,特殊・タ,基本形,た","1,0,-1,-1,0,1,-1,1,1,1,1,-1,1,0,1",[],[],"[[0, 0], [2, 2]]","[[1, 1]]",[],
token292,Token,"綺麗,な,人","綺麗,な,の,人","名詞,形容動詞語幹,*,*,綺麗,助動詞,*,特殊・ダ,体言接続,だ,名詞,一般,*,*,人","名詞,形容動詞語幹,*,*,綺麗,助動詞,*,特殊・ダ,体言接続,だ,助詞,連体化,*,*,の,名詞,一般,*,*,人","1,1,-1,-1,0,1,-1,1,1,1,1,1,-1,-1,0",[2],[],"[[0, 0], [1, 1], [3, 2]]",[],[],
token293,Token,"綺麗,だ","綺麗,な,だ","名詞,形容動詞語幹,*,*,綺麗,助動詞,*,特殊・ダ,基本形,だ","名詞,形容動詞語幹,*,*,綺麗,助動詞,*,特殊・ダ,体言接続,だ,助動詞,*,特殊・ダ,基本形,だ","1,0,-1,-1,0,1,-1,1,0,1",[1],[],"[[0, 0], [2, 1]]",[],[],
token294,Token,"綺麗,で,広い","綺麗,な,広い","名詞,形容動詞語幹,*,*,綺麗,助動詞,*,特殊・ダ,連用形,だ,形容詞,自立,形容詞・アウオ段,基本形,広い","名詞,形容動詞語幹,*,*,綺麗,助動詞,*,特殊・ダ,体言接続,だ,形容詞,自立,形容詞・アウオ段,基本形,広い","1,1,-1,-1,0,1,-1,1,1,1,1,0,0,0,0",[],"[[1, 1]]","[[0, 0], [2, 2]]",[],[],
token295,Token,"綺麗,です","綺麗,な,です","名詞,形容動詞語幹,*,*,綺麗,助動詞,*,特殊・デス,基本形,です","名詞,形容動詞語幹,*,*,綺麗,助動詞,*,特殊・ダ,体言接続,だ,助動詞,*,特殊・デス,基本形,です","1,0,-1,-1,0,1,-1,1,0,1",[1],[],"[[0, 0], [2, 1]]",[],[],
token296,Token,"綺麗,に,する","綺麗,く,する","名詞,形容動詞語幹,*,*,綺麗,助詞,格助詞,*,*,に,動詞,自立,サ変・スル,基本形,する","名詞,形容動詞語幹,*,*,綺麗,形容詞,自立,形容詞・アウオ段,ガル接続,くい,動詞,自立,サ変・スル,基本形,する","1,0,-1,-1,0,1,1,-1,-1,1,1,0,0,0,1",[1],[],"[[0, 0], [2, 2]]",[],[1],
token297,Token,"貧乏,な,のに","貧乏,のに","名詞,形容動詞語幹,*,*,貧乏,助動詞,*,特殊・ダ,体言接続,だ,助詞,接続助詞,*,*,のに","名詞,形容動詞語幹,*,*,貧乏,助詞,接続助詞,*,*,のに","1,0,-1,-1,0,1,-1,1,1,1,1,1,-1,-1,0",[],[],"[[0, 0], [1, 2]]",[],[1],
token298,Token,"賑やか,だ,と","賑やか,と","名詞,形容動詞語幹,*,*,賑やか,助動詞,*,特殊・ダ,基本形,だ,助詞,接続助詞,*,*,と","名詞,形容動詞語幹,*,*,賑やか,助詞,並立助詞,*,*,と","1,0,-1,-1,0,1,-1,1,1,1,1,0,-1,-1,1",[],[],"[[0, 0], [1, 2]]",[],[1],
token299,Token,"静か,で,は,ある","静か,に,ある","名詞,形容動詞語幹,*,*,静か,助動詞,*,特殊・ダ,連用形,だ,助詞,係助詞,*,*,は,動詞,自立,五段・ラ行,基本形,ある","名詞,形容動詞語幹,*,*,静か,助詞,格助詞,*,*,に,動詞,自立,五段・ラ行,基本形,ある","0,0,-1,-1,0,1,-1,1,1,1,1,1,-1,-1,1,1,1,1,0,1",[1],[],"[[0, 0], [2, 3]]",[],"[1, 2]",
token300,Token,"静か,です","静か,ます","名詞,形容動詞語幹,*,*,静か,助動詞,*,特殊・デス,基本形,です","名詞,形容動詞語幹,*,*,静か,助動詞,*,特殊・マス,基本形,ます","1,1,-1,-1,0,1,-1,1,1,1",[],[],"[[0, 0]]","[[1, 1]]",[],
token301,Token,"静か,です","静か,し,ます","名詞,形容動詞語幹,*,*,静か,助動詞,*,特殊・デス,基本形,です","名詞,形容動詞語幹,*,*,静か,動詞,自立,サ変・スル,連用形,する,助動詞,*,特殊・マス,基本形,ます","1,0,-1,-1,0,1,-1,1,1,1","[1, 2]",[],"[[0, 0]]",[],[1],
token302,Token,"静か,です,から","静か,から","名詞,形容動詞語幹,*,*,静か,助動詞,*,特殊・デス,基本形,です,助詞,接続助詞,*,*,から","名詞,形容動詞語幹,*,*,静か,助詞,格助詞,*,*,から","1,1,-1,-1,0,0,-1,0,0,1,1,1,-1,-1,1",[],[],"[[0, 0], [1, 2]]",[],[1],
token303,Token,"静か,じゃ,ない","静か,ない","名詞,形容動詞語幹,*,*,静か,助詞,副助詞,*,*,じゃ,助動詞,*,特殊・ナイ,基本形,ない","名詞,形容動詞語幹,*,*,静か,形容詞,自立,形容詞・アウオ段,基本形,ない","1,0,-1,-1,0,1,1,-1,-1,1,1,-1,1,0,1",[],[],"[[0, 0], [1, 2]]",[],[1],
token304,Token,"静か,に,する","静か,な,する","名詞,形容動詞語幹,*,*,静か,助詞,格助詞,*,*,に,動詞,自立,サ変・スル,基本形,する","名詞,形容動詞語幹,*,*,静か,助動詞,*,特殊・ダ,体言接続,だ,動詞,自立,五段・ラ行,基本形,する","1,0,-1,-1,0,1,1,-1,-1,1,1,0,0,0,0",[1],[],"[[0, 0], [2, 2]]",[],[1],
token305,Token,"の,が,始まる","の,を,始まる","名詞,非自立,*,*,の,助詞,格助詞,*,*,が,動詞,自立,五段・ラ行,基本形,始まる","名詞,非自立,*,*,の,助詞,格助詞,*,*,を,動詞,自立,五段・ラ行,基本形,始まる","1,0,-1,-1,0,1,1,-1,-1,1,1,0,0,0,0",[1],[],"[[0, 0], [2, 2]]",[],[1],
token306,Token,"の,を,教える","の,が,教える","名詞,非自立,*,*,の,助詞,格助詞,*,*,を,動詞,自立,一段,基本形,教える","名詞,非自立,*,*,の,助詞,格助詞,*,*,が,動詞,自立,一段,基本形,教える","1,0,-1,-1,0,1,1,-1,-1,1,1,0,0,0,0",[1],[],"[[0, 0], [2, 2]]",[],[1],
token307,Token,"ない,です","ない,ます","形容詞,自立,形容詞・アウオ段,基本形,ない,助動詞,*,特殊・デス,基本形,です","形容詞,自立,形容詞・アウオ段,基本形,ない,助動詞,*,特殊・マス,基本形,ます","1,0,0,1,0,1,-1,1,0,1",[],[],"[[0, 0]]","[[1, 1]]",[],
token308,Token,"ない,から","なく,て,から","形容詞,自立,形容詞・アウオ段,基本形,ない,助詞,接続助詞,*,*,から","形容詞,自立,形容詞・アウオ段,連用テ接続,ない,助詞,接続助詞,*,*,て,助詞,格助詞,*,*,から","0,0,0,1,1,1,1,-1,-1,1",[1],"[[0, 0]]","[[2, 1]]",[],[],
token309,Token,"ない,で,ください","ない,ください","形容詞,自立,形容詞・アウオ段,基本形,ない,助詞,接続助詞,*,*,で,動詞,非自立,五段・ラ行特殊,命令ｉ,くださる","形容詞,自立,形容詞・アウオ段,基本形,ない,動詞,非自立,五段・ラ行特殊,命令ｉ,くださる","0,0,0,0,1,1,1,-1,-1,1,1,0,0,0,0",[],[],"[[0, 0], [1, 2]]",[],[1],
token310,Token,"小さい,時","小さかっ,た,時","形容詞,自立,形容詞・アウオ段,基本形,小さい,名詞,非自立,*,*,時","形容詞,自立,形容詞・アウオ段,連用タ接続,小さい,助動詞,*,特殊・タ,基本形,た,名詞,非自立,*,*,時","1,0,0,1,0,1,1,0,0,0",[1],"[[0, 0]]","[[2, 1]]",[],[],
token311,Token,"広い,です","広く,です","形容詞,自立,形容詞・アウオ段,基本形,広い,助動詞,*,特殊・デス,基本形,です","形容詞,自立,形容詞・アウオ段,連用テ接続,広い,助動詞,*,特殊・デス,基本形,です","1,0,0,1,0,1,-1,1,0,1",[],"[[0, 0]]","[[1, 1]]",[],[],
token312,Token,"暑い,から","暑い,だから","形容詞,自立,形容詞・アウオ段,基本形,暑い,助詞,接続助詞,*,*,から","形容詞,自立,形容詞・アウオ段,基本形,暑い,接続詞,*,*,*,だから","1,0,0,1,0,1,1,-1,-1,1",[1],[],"[[0, 0]]",[],[1],
token313,Token,"甘い,です","甘く,て,です","形容詞,自立,形容詞・アウオ段,基本形,甘い,助動詞,*,特殊・デス,基本形,です","形容詞,自立,形容詞・アウオ段,連用テ接続,甘い,助詞,接続助詞,*,*,て,助動詞,*,特殊・デス,基本形,です","1,0,0,1,0,1,-1,1,0,1",[1],"[[0, 0]]","[[2, 1]]",[],[],
token314,Token,"甘い,ケーキ","甘い,の,ケーキ","形容詞,自立,形容詞・アウオ段,基本形,甘い,名詞,一般,*,*,ケーキ","形容詞,自立,形容詞・アウオ段,基本形,甘い,助詞,連体化,*,*,の,名詞,一般,*,*,ケーキ","1,0,0,1,0,1,0,-1,-1,0",[1],[],"[[0, 0], [2, 1]]",[],[],
token315,Token,"甘い,の,は,大事","甘い,は,大事","形容詞,自立,形容詞・アウオ段,基本形,甘い,名詞,非自立,*,*,の,助詞,係助詞,*,*,は,名詞,形容動詞語幹,*,*,大事","形容詞,自立,形容詞・アウオ段,基本形,甘い,助詞,係助詞,*,*,は,名詞,形容動詞語幹,*,*,大事","1,0,0,1,0,1,1,-1,-1,1,1,1,-1,-1,1,1,0,-1,-1,0",[],[],"[[0, 0], [1, 2], [2, 3]]",[],[1],
token316,Token,"なかっ,た","なかっ,た,でし,た","形容詞,自立,形容詞・アウオ段,連用タ接続,ない,助動詞,*,特殊・タ,基本形,た","形容詞,自立,形容詞・アウオ段,連用タ接続,ない,助動詞,*,特殊・タ,基本形,た,助動詞,*,特殊・デス,連用形,です,助動詞,*,特殊・タ,基本形,た","0,0,0,0,1,1,-1,1,1,1","[2, 3]",[],"[[0, 0], [1, 1]]",[],[],
token317,Token,"なかっ,た","ない,でし,た","形容詞,自立,形容詞・アウオ段,連用タ接続,ない,助動詞,*,特殊・タ,基本形,た","形容詞,自立,形容詞・アウオ段,基本形,ない,助動詞,*,特殊・デス,連用形,です,助動詞,*,特殊・タ,基本形,た","0,0,0,0,1,1,-1,1,0,1",[1],"[[0, 0]]","[[2, 1]]",[],[],
token318,Token,"冷たかっ,た,が","冷たかっ,た,です,が","形容詞,自立,形容詞・アウオ段,連用タ接続,冷たい,助動詞,*,特殊・タ,基本形,た,助詞,接続助詞,*,*,が","形容詞,自立,形容詞・アウオ段,連用タ接続,冷たい,助動詞,*,特殊・タ,基本形,た,助動詞,*,特殊・デス,基本形,です,助詞,接続助詞,*,*,が","0,0,0,1,0,1,-1,1,0,1,1,1,-1,-1,1",[2],[],"[[0, 0], [1, 1], [3, 2]]",[],[],
token319,Token,"寒かっ,た","寒かっ,た,でし,た","形容詞,自立,形容詞・アウオ段,連用タ接続,寒い,助動詞,*,特殊・タ,基本形,た","形容詞,自立,形容詞・アウオ段,連用タ接続,寒い,助動詞,*,特殊・タ,基本形,た,助動詞,*,特殊・デス,連用形,です,助動詞,*,特殊・タ,基本形,た","1,0,0,1,0,1,-1,1,1,1",[2],[],"[[0, 0], [1, 1], [3, 1]]",[],[],
token320,Token,"悪かっ,た","悪かっ,たい","形容詞,自立,形容詞・アウオ段,連用タ接続,悪い,助動詞,*,特殊・タ,基本形,た","形容詞,自立,形容詞・アウオ段,連用タ接続,悪い,助動詞,*,特殊・タイ,基本形,たい","1,0,0,1,0,1,-1,1,1,1",[1],[],"[[0, 0]]",[],[1],
token321,Token,甘かっ,"甘い,かっ","形容詞,自立,形容詞・アウオ段,連用タ接続,甘い","形容詞,自立,形容詞・アウオ段,基本形,甘い,動詞,自立,五段・ワ行促音便,連用タ接続,かう","1,0,0,1,0",[1],"[[0, 0]]",[],[],[],
token322,Token,甘かっ,"甘く,かっ","形容詞,自立,形容詞・アウオ段,連用タ接続,甘い","形容詞,自立,形容詞・アウオ段,連用テ接続,甘い,動詞,自立,五段・ワ行促音便,連用タ接続,かう","1,0,0,1,0",[1],"[[0, 0]]",[],[],[],
token323,Token,"面白かっ,た","面白い,だっ,た","形容詞,自立,形容詞・アウオ段,連用タ接続,面白い,助動詞,*,特殊・タ,基本形,た","形容詞,自立,形容詞・アウオ段,基本形,面白い,助動詞,*,特殊・ダ,連用タ接続,だ,助動詞,*,特殊・タ,基本形,た","1,0,0,0,0,1,-1,1,0,1",[1],"[[0, 0]]","[[2, 1]]",[],[],
token324,Token,"安く,て,便利","安い,便利","形容詞,自立,形容詞・アウオ段,連用テ接続,安い,助詞,接続助詞,*,*,て,名詞,形容動詞語幹,*,*,便利","形容詞,自立,形容詞・アウオ段,基本形,安い,名詞,形容動詞語幹,*,*,便利","1,0,0,0,0,1,1,-1,-1,1,1,0,-1,-1,0",[],"[[0, 0]]","[[1, 2]]",[],[1],
token325,Token,寒く,"寒い,く","形容詞,自立,形容詞・アウオ段,連用テ接続,寒い","形容詞,自立,形容詞・アウオ段,基本形,甘い,動詞,自立,五段・ワ行促音便,基本形,思う","1,0,0,0,0",[1],"[[0, 0]]",[],[],[],
token326,Token,"寒く,なる","寒く,する","形容詞,自立,形容詞・アウオ段,連用テ接続,寒い,動詞,自立,五段・ラ行,基本形,なる","形容詞,自立,形容詞・アウオ段,連用テ接続,寒い,動詞,自立,サ変・スル,基本形,する","1,0,0,1,0,1,0,0,0,1",[],[],"[[0, 0]]","[[1, 1]]",[],
token327,Token,"寒く,なっ","寒く,し","形容詞,自立,形容詞・アウオ段,連用テ接続,寒い,動詞,自立,五段・ラ行,連用タ接続,なる","形容詞,自立,形容詞・アウオ段,連用テ接続,寒い,動詞,自立,サ変・スル,連用形,する","1,0,0,1,0,1,0,0,1,1",[],[],"[[0, 0]]","[[1, 1]]",[],
token328,Token,"小さく,ない","小さい,ない","形容詞,自立,形容詞・アウオ段,連用テ接続,小さい,助動詞,*,特殊・ナイ,基本形,ない","形容詞,自立,形容詞・アウオ段,基本形,小さい,形容詞,自立,形容詞・アウオ段,基本形,ない","1,0,0,1,0,1,-1,1,0,1",[],"[[0, 0]]","[[1, 1]]",[],[],
token329,Token,"小さく,響く","小さ,響く","形容詞,自立,形容詞・アウオ段,連用テ接続,小さい,動詞,自立,五段・カ行イ音便,基本形,響く","形容詞,自立,形容詞・アウオ段,ガル接続,小さい,動詞,自立,五段・カ行イ音便,基本形,響く","1,0,0,1,0,1,0,0,0,0",[],"[[0, 0]]","[[1, 1]]",[],[],
token330,Token,"怖く,ある","怖い,じゃ,ある","形容詞,自立,形容詞・アウオ段,連用テ接続,怖い,動詞,自立,五段・ラ行,基本形,ある","形容詞,自立,形容詞・アウオ段,基本形,怖い,助詞,副助詞,*,*,じゃ,動詞,自立,五段・ラ行,基本形,ある","1,0,0,1,0,1,1,1,0,1",[1],"[[0, 0]]","[[2, 1]]",[],[],
token331,Token,"怖く,あり,ます","怖い,ます","形容詞,自立,形容詞・アウオ段,連用テ接続,怖い,動詞,自立,五段・ラ行,連用形,ある,助動詞,*,特殊・マス,基本形,ます","形容詞,自立,形容詞・アウオ段,基本形,怖い,助動詞,*,特殊・マス,基本形,ます","1,0,0,1,0,1,0,0,0,0,1,-1,0,0,1",[],"[[0, 0]]","[[1, 2]]",[],[1],
token332,Token,"早く,来る","早い,と,来る","形容詞,自立,形容詞・アウオ段,連用テ接続,早い,動詞,自立,カ変・来ル,基本形,来る","形容詞,自立,形容詞・アウオ段,基本形,早い,助詞,格助詞,*,*,と,動詞,自立,カ変・来ル,基本形,来る","1,0,0,1,0,1,0,0,0,0",[1],"[[0, 0]]","[[2, 1]]",[],[],
token333,Token,"熱く,なかっ","熱,なかっ","形容詞,自立,形容詞・アウオ段,連用テ接続,熱い,助動詞,*,特殊・ナイ,連用タ接続,ない","形容詞,自立,形容詞・アウオ段,ガル接続,熱い,助動詞,*,特殊・ナイ,連用タ接続,ない","1,0,0,1,0,1,-1,1,0,1",[],"[[0, 0]]","[[1, 1]]",[],[],
token334,Token,"甘く,て,うまい","甘い,うまい","形容詞,自立,形容詞・アウオ段,連用テ接続,甘い,助詞,接続助詞,*,*,て,形容詞,自立,形容詞・アウオ段,基本形,うまい","形容詞,自立,形容詞・アウオ段,基本形,甘い,形容詞,自立,形容詞・アウオ段,基本形,うまい","1,0,0,1,0,1,1,-1,-1,1,1,0,0,0,0",[],"[[0, 0]]","[[1, 2]]",[],[1],
token335,Token,"甘く,て,うまい","甘く,うまい","形容詞,自立,形容詞・アウオ段,連用テ接続,甘い,助詞,接続助詞,*,*,て,形容詞,自立,形容詞・アウオ段,基本形,うまい","形容詞,自立,形容詞・アウオ段,連用テ接続,甘い,形容詞,自立,形容詞・アウオ段,基本形,うまい","1,0,0,1,0,1,1,-1,-1,1,1,0,0,0,0",[],[],"[[0, 0],[1, 2]]",[],[1],
token336,Token,"甘く,て,甘い","甘い,し,甘い","形容詞,自立,形容詞・アウオ段,連用テ接続,甘い,助詞,接続助詞,*,*,て,形容詞,自立,形容詞・アウオ段,基本形,甘い","形容詞,自立,形容詞・アウオ段,基本形,甘い,助詞,接続助詞,*,*,し,形容詞,自立,形容詞・アウオ段,基本形,甘い","1,0,0,1,0,1,1,-1,-1,1,1,0,0,0,0",[1],"[[0, 0]]","[[2, 2]]",[],[1],
token337,Token,"甘く,思う","甘い,思う","形容詞,自立,形容詞・アウオ段,連用テ接続,甘い,動詞,自立,五段・ワ行促音便,基本形,思う","形容詞,自立,形容詞・アウオ段,基本形,甘い,動詞,自立,五段・ワ行促音便,基本形,思う","1,0,0,1,0,1,1,0,0,0",[],"[[0, 0]]","[[1, 1]]",[],[],
token338,Token,"赤く,ない","赤い,じゃ,ない","形容詞,自立,形容詞・アウオ段,連用テ接続,赤い,助動詞,*,特殊・ナイ,基本形,ない","形容詞,自立,形容詞・アウオ段,基本形,赤い,助詞,副助詞,*,*,じゃ,助動詞,*,特殊・ナイ,基本形,ない","1,0,0,1,0,1,-1,1,1,1",[1],"[[0, 0]]","[[2, 1]]",[],[],
token339,Token,"辛く,なかっ,た","辛い,じゃ,あり,ませ,ん,でし,た","形容詞,自立,形容詞・アウオ段,連用テ接続,辛い,助動詞,*,特殊・ナイ,連用タ接続,ない,助動詞,*,特殊・タ,基本形,た","形容詞,自立,形容詞・アウオ段,基本形,辛い,助詞,接続助詞,*,*,じゃ,動詞,非自立,五段・ラ行,連用形,ある,助動詞,*,特殊・マス,未然形,ます,助動詞,*,不変化型,基本形,ん,助動詞,*,特殊・デス,連用形,です,助動詞,*,特殊・タ,基本形,た","1,0,0,1,0,1,-1,1,1,1,1,-1,1,1,1","[1, 2, 3, 4, 5]","[[0, 0]]","[[6, 2]]",[],[1],
token340,Token,面白く,"面白い,に","形容詞,自立,形容詞・アウオ段,連用テ接続,面白い","形容詞,自立,形容詞・アウオ段,基本形,面白い,助詞,格助詞,*,*,に","1,0,0,1,0",[1],"[[0, 0]]",[],[],[],
token341,Token,"難し,すぎる","難しい,すぎる","形容詞,自立,形容詞・イ段,ガル接続,難しい,動詞,非自立,一段,基本形,すぎる","形容詞,自立,形容詞・イ段,基本形,難しい,動詞,非自立,一段,基本形,すぎる","1,0,0,1,0,1,1,1,0,1",[],"[[0, 0]]","[[1, 1]]",[],[],
token342,Token,"楽しい,と,思う","楽しい,だ,と,思う","形容詞,自立,形容詞・イ段,基本形,楽しい,助詞,格助詞,*,*,と,動詞,自立,五段・ワ行促音便,基本形,思う","形容詞,自立,形容詞・イ段,基本形,楽しい,助動詞,*,特殊・ダ,基本形,だ,助詞,格助詞,*,*,と,動詞,自立,五段・ワ行促音便,基本形,思う","1,0,0,1,0,1,1,-1,-1,1,1,1,0,0,0",[1],[],"[[0, 0], [2, 1], [3, 2]]",[],[],
token343,Token,"楽しい,と,思う","楽しい,思う","形容詞,自立,形容詞・イ段,基本形,楽しい,助詞,格助詞,*,*,と,動詞,自立,五段・ワ行促音便,基本形,思う","形容詞,自立,形容詞・イ段,基本形,楽しい,動詞,自立,五段・ワ行促音便,基本形,思う","1,0,0,1,0,1,1,-1,-1,1,1,1,0,0,0",[],[],"[[0, 0], [1, 2]]",[],[1],
token344,Token,難しい,"難し,な","形容詞,自立,形容詞・イ段,基本形,難しい","形容詞,自立,形容詞・イ段,ガル接続,難しい,助詞,終助詞,*,*,な","1,0,0,1,0",[1],"[[0, 0]]",[],[],[],
token345,Token,難しい,"難しい,な","形容詞,自立,形容詞・イ段,基本形,難しい","形容詞,自立,形容詞・イ段,基本形,難しい,助詞,終助詞,*,*,な","1,0,0,1,0",[1],[],"[[0, 0]]",[],[],
token346,Token,"難しい,です","難し,です","形容詞,自立,形容詞・イ段,基本形,難しい,助動詞,*,特殊・デス,基本形,です","形容詞,自立,形容詞・イ段,ガル接続,難しい,助動詞,*,特殊・デス,基本形,です","1,0,0,1,0,1,-1,1,0,1",[],"[[0, 0]]","[[1, 1]]",[],[],
token347,Token,"難しい,ので","難しい,だ,ので","形容詞,自立,形容詞・イ段,基本形,難しい,助詞,接続助詞,*,*,ので","形容詞,自立,形容詞・イ段,基本形,難しい,助動詞,*,特殊・ダ,基本形,だ,助詞,接続助詞,*,*,ので","1,1,1,1,0,1,0,-1,-1,0",[1],[],"[[0, 0], [2, 1]]",[],[],
token348,Token,"難しい,ので","難しく,ので","形容詞,自立,形容詞・イ段,基本形,難しい,助詞,接続助詞,*,*,ので","形容詞,自立,形容詞・イ段,連用テ接続,難しい,助詞,接続助詞,*,*,ので","1,0,0,1,0,1,1,-1,-1,1",[],"[[0, 0]]","[[1, 1]]",[],[],
token349,Token,"楽しかっ,た","楽しい,でし,た","形容詞,自立,形容詞・イ段,連用タ接続,楽しい,助動詞,*,特殊・タ,基本形,た","形容詞,自立,形容詞・イ段,基本形,楽しい,助動詞,*,特殊・デス,連用形,です,助動詞,*,特殊・タ,基本形,た","1,0,0,1,0,1,-1,1,0,1",[1],"[[0, 0]]","[[2, 1]]",[],[],
token350,Token,"ほしく,ない","ほし,じゃ,ない","形容詞,自立,形容詞・イ段,連用テ接続,ほしい,助動詞,*,特殊・ナイ,基本形,ない","形容詞,自立,形容詞・イ段,ガル接続,ほしい,助詞,副助詞,*,*,じゃ,助動詞,*,特殊・ナイ,基本形,ない","1,0,0,1,0,0,-1,0,0,1",[1],"[[0, 0]]","[[2, 1]]",[],[],
token351,Token,"楽しく,あり,ます","楽しい,で,は,あり,ます","形容詞,自立,形容詞・イ段,連用テ接続,楽しい,動詞,自立,五段・ラ行,連用形,ある,助動詞,*,特殊・マス,基本形,ます","形容詞,自立,形容詞・イ段,基本形,楽しい,助動詞,*,特殊・ダ,連用形,だ,助詞,係助詞,*,*,は,動詞,自立,五段・ラ行,連用形,ある,助動詞,*,特殊・マス,基本形,ます","1,0,0,1,0,1,1,1,1,1,1,-1,1,0,1","[1, 2]","[[0, 0]]","[[3, 1], [4, 2]]",[],[],
token352,Token,"難しく,て","難しい,て","形容詞,自立,形容詞・イ段,連用テ接続,難しい,助詞,接続助詞,*,*,て","形容詞,自立,形容詞・イ段,基本形,難しい,助詞,接続助詞,*,*,て","1,0,0,1,0,1,1,-1,-1,1",[],"[[0, 0]]","[[1, 1]]",[],[],
token353,Token,"難しく,て","難しい,で","形容詞,自立,形容詞・イ段,連用テ接続,難しい,助詞,接続助詞,*,*,て","形容詞,自立,形容詞・イ段,基本形,難しい,助詞,終助詞,*,*,で","1,0,0,1,0,1,1,-1,-1,1",[1],"[[0, 0]]",[],[],[1],
token354,Token,"難しく,て","難しい,と","形容詞,自立,形容詞・イ段,連用テ接続,難しい,助詞,接続助詞,*,*,て","形容詞,自立,形容詞・イ段,基本形,難しい,助詞,接続助詞,*,*,と","1,0,0,1,0,1,1,-1,-1,1",[1],"[[0, 0]]",[],[],[1],
token355,Token,"難しく,て,も","難しく,でも","形容詞,自立,形容詞・イ段,連用テ接続,難しい,助詞,接続助詞,*,*,て,助詞,係助詞,*,*,も","形容詞,自立,形容詞・イ段,連用テ接続,難しい,接続詞,*,*,*,でも","1,0,0,1,0,1,1,-1,-1,1,1,1,-1,-1,1",[1],[],"[[0, 0]]",[],"[1, 2]",
token356,Token,"あの,人","あれ,人","連体詞,*,*,*,あの,名詞,一般,*,*,人","名詞,代名詞,*,*,あれ,名詞,一般,*,*,人","1,-1,-1,-1,1,1,0,-1,-1,0",[0],[],"[[1, 1]]",[],[0],
token357,Token,"あの,悲しい","あれ,悲しい","連体詞,*,*,*,あの,形容詞,自立,形容詞・イ段,基本形,悲しい","名詞,代名詞,*,*,あれ,形容詞,自立,形容詞・イ段,基本形,悲しい","0,-1,-1,-1,1,1,0,0,1,0",[0],[],"[[1, 1]]",[],[0],
token358,Token,"この,人","これ,人","連体詞,*,*,*,この,名詞,一般,*,*,人","名詞,代名詞,*,*,これ,名詞,一般,*,*,人","1,-1,-1,-1,1,1,0,-1,-1,0",[0],[],"[[1, 1]]",[],[0],
token359,Token,"この,安い","これ,安い","連体詞,*,*,*,この,形容詞,自立,形容詞・アウオ段,基本形,安い","名詞,代名詞,*,*,これ,形容詞,自立,形容詞・アウオ段,基本形,安い","1,-1,-1,-1,1,1,0,0,0,0",[0],[],"[[1, 1]]",[],[0],
token360,Token,"その,人","それ,人","連体詞,*,*,*,その,名詞,一般,*,*,人","名詞,代名詞,*,*,それ,名詞,一般,*,*,人","1,-1,-1,-1,1,1,0,-1,-1,0",[0],[],"[[1, 1]]",[],[0],
token361,Token,"その,安い","それ,安い","連体詞,*,*,*,その,形容詞,自立,形容詞・アウオ段,基本形,安い","名詞,代名詞,*,*,それ,形容詞,自立,形容詞・アウオ段,基本形,安い","1,-1,-1,-1,1,1,0,0,0,0",[0],[],"[[1, 1]]",[],[0],
token362,Token,"どの,花","どれ,花","連体詞,*,*,*,どの,名詞,一般,*,*,花","名詞,代名詞,*,*,どれ,名詞,一般,*,*,花","0,-1,-1,-1,1,0,0,-1,-1,0",[0],[],"[[1, 1]]",[],[0],
